-- phpMyAdmin SQL Dump
-- version 5.2.1-1.el8
-- https://www.phpmyadmin.net/
--
-- Host: localhost
-- Generation Time: Jun 03, 2026 at 12:01 PM
-- Server version: 5.7.44-48
-- PHP Version: 8.2.31

SET SQL_MODE = "NO_AUTO_VALUE_ON_ZERO";
START TRANSACTION;
SET time_zone = "+00:00";


/*!40101 SET @OLD_CHARACTER_SET_CLIENT=@@CHARACTER_SET_CLIENT */;
/*!40101 SET @OLD_CHARACTER_SET_RESULTS=@@CHARACTER_SET_RESULTS */;
/*!40101 SET @OLD_COLLATION_CONNECTION=@@COLLATION_CONNECTION */;
/*!40101 SET NAMES utf8mb4 */;

--
-- Database: `u2304932_car_booking`
--

-- --------------------------------------------------------

--
-- Table structure for table `bookings`
--

CREATE TABLE `bookings` (
  `id` bigint(20) UNSIGNED NOT NULL,
  `user_id` bigint(20) UNSIGNED NOT NULL,
  `client_name` varchar(255) COLLATE utf8mb4_unicode_ci DEFAULT NULL,
  `car_id` bigint(20) UNSIGNED NOT NULL,
  `driver_id` bigint(20) UNSIGNED DEFAULT NULL,
  `request_type_id` bigint(20) UNSIGNED NOT NULL,
  `start_time` datetime NOT NULL,
  `end_time` datetime NOT NULL,
  `has_passengers` tinyint(1) NOT NULL DEFAULT '0',
  `has_luggage` tinyint(1) NOT NULL DEFAULT '0',
  `wait_mode` enum('WAIT_ON_SITE','RETURN_AT_TIME') COLLATE utf8mb4_unicode_ci NOT NULL,
  `status` enum('NEW','APPROVED','DECLINED','CANCELED','IN_PROGRESS','COMPLETED') COLLATE utf8mb4_unicode_ci NOT NULL DEFAULT 'NEW',
  `rejection_reason` text COLLATE utf8mb4_unicode_ci,
  `created_at` timestamp NULL DEFAULT NULL,
  `updated_at` timestamp NULL DEFAULT NULL,
  `department_id` bigint(20) UNSIGNED DEFAULT NULL,
  `position_id` bigint(20) UNSIGNED DEFAULT NULL,
  `from_location` varchar(255) COLLATE utf8mb4_unicode_ci DEFAULT NULL,
  `to_location` varchar(255) COLLATE utf8mb4_unicode_ci DEFAULT NULL,
  `comment` text COLLATE utf8mb4_unicode_ci
) ENGINE=InnoDB DEFAULT CHARSET=utf8mb4 COLLATE=utf8mb4_unicode_ci;

--
-- Dumping data for table `bookings`
--

INSERT INTO `bookings` (`id`, `user_id`, `client_name`, `car_id`, `driver_id`, `request_type_id`, `start_time`, `end_time`, `has_passengers`, `has_luggage`, `wait_mode`, `status`, `rejection_reason`, `created_at`, `updated_at`, `department_id`, `position_id`, `from_location`, `to_location`, `comment`) VALUES
(47, 18, 'Тест', 4, 17, 4, '2026-02-09 17:30:00', '2026-02-09 18:30:00', 0, 0, 'WAIT_ON_SITE', 'CANCELED', NULL, '2026-02-09 14:11:23', '2026-02-17 05:02:48', 4, 12, 'ГО', 'ЦУМ', 'ав'),
(49, 18, 'Тест', 4, 17, 4, '2026-02-09 17:30:00', '2026-02-09 18:30:00', 0, 0, 'WAIT_ON_SITE', 'COMPLETED', NULL, '2026-02-09 14:11:23', '2026-02-10 04:59:08', 4, 12, 'ГО', 'ЦУМ', NULL),
(54, 22, 'Molestiae eligendi r', 4, 17, 4, '2015-03-24 01:21:00', '2015-03-24 10:59:00', 1, 0, 'WAIT_ON_SITE', 'COMPLETED', NULL, '2026-02-12 09:38:05', '2026-04-22 11:23:54', 4, 11, 'Aut ducimus ut et m', 'Excepturi porro dolo', 'Et ea aspernatur sim'),
(57, 18, 'Исмоилов Мустафо', 4, 17, 4, '2026-02-16 12:30:00', '2026-02-16 13:30:00', 0, 0, 'WAIT_ON_SITE', 'CANCELED', NULL, '2026-02-16 09:26:23', '2026-02-17 05:02:58', 4, 11, 'ГО', 'ЦУМ', 'Туда обратно'),
(63, 29, 'Бобоев Барзу', 4, 17, 4, '2026-02-19 10:00:00', '2026-02-19 11:00:00', 0, 0, 'WAIT_ON_SITE', 'COMPLETED', NULL, '2026-02-18 14:48:18', '2026-02-19 08:33:16', 4, 12, 'Головной Офис', 'Клиника Насл (автовокзал)', NULL),
(64, 39, 'Махмудов Фируз Обидхонович', 4, 17, 4, '2026-02-19 11:30:00', '2026-02-19 12:30:00', 0, 1, 'WAIT_ON_SITE', 'COMPLETED', NULL, '2026-02-19 07:36:09', '2026-02-19 10:34:34', 4, 12, 'Головной офис', 'Голубой экран сервис центр', 'Принтер на ремонт'),
(65, 40, 'Мирзаев Фарход и Абдуллаева Зарина', 4, 17, 4, '2026-02-19 13:30:00', '2026-02-19 14:30:00', 1, 0, 'WAIT_ON_SITE', 'CANCELED', NULL, '2026-02-19 10:18:53', '2026-02-19 10:20:19', 4, 9, 'ГО КН', 'AtS (яккачинор)', NULL),
(66, 29, 'Бобоев Барзу', 4, 17, 4, '2026-02-20 10:00:00', '2026-02-20 11:00:00', 0, 1, 'WAIT_ON_SITE', 'COMPLETED', NULL, '2026-02-20 06:25:54', '2026-02-20 13:02:43', 4, 12, 'Головной Офис', 'Клиника Насл (автовокзал)', NULL),
(67, 31, 'Давлатёр нуров', 4, 17, 4, '2026-02-23 13:00:00', '2026-02-23 13:30:00', 0, 0, 'RETURN_AT_TIME', 'COMPLETED', NULL, '2026-02-23 07:52:02', '2026-02-24 05:13:51', 4, 12, 'ГО', 'ЦРС', NULL),
(70, 39, 'Махмудов Фируз Обидхонлвич', 4, 17, 4, '2026-02-26 09:30:00', '2026-02-26 11:20:00', 0, 1, 'WAIT_ON_SITE', 'COMPLETED', NULL, '2026-02-26 06:11:52', '2026-02-26 12:05:04', 4, 12, 'го', 'Голубой экран и султони Кабир', NULL),
(71, 40, 'Мирзаев Фарход и Зарина Абдуллаева', 4, 17, 4, '2026-02-27 15:30:00', '2026-02-27 16:30:00', 1, 0, 'RETURN_AT_TIME', 'DECLINED', NULL, '2026-02-27 10:07:03', '2026-02-27 10:49:49', 9, 9, 'ГО', 'MDIS D пед институт', 'Просто отвезти не нужно ждать'),
(72, 31, 'Нуров Давлтёр Шарифбекович', 4, 17, 4, '2026-02-28 11:30:00', '2026-02-28 12:00:00', 0, 0, 'RETURN_AT_TIME', 'COMPLETED', NULL, '2026-02-28 07:34:35', '2026-02-28 13:02:13', 4, 12, 'ГО', 'ЦРС', NULL),
(73, 39, 'Махмудов Фируз', 4, 17, 4, '2026-02-28 12:30:00', '2026-02-28 13:30:00', 0, 1, 'WAIT_ON_SITE', 'CANCELED', NULL, '2026-02-28 08:02:05', '2026-03-02 06:47:13', 4, 12, 'ГО', 'Вавилон. ЦУМ. Голубой экран.', NULL),
(74, 25, 'test', 4, 17, 4, '2026-03-01 08:00:00', '2026-03-01 23:00:00', 0, 1, 'WAIT_ON_SITE', 'DECLINED', NULL, '2026-02-28 08:32:40', '2026-02-28 08:33:14', 10, 12, 'test', 'test', 'test'),
(75, 39, 'Махмудов Фируз', 4, 17, 4, '2026-03-02 10:00:00', '2026-03-02 11:15:00', 0, 1, 'WAIT_ON_SITE', 'COMPLETED', NULL, '2026-03-02 06:47:03', '2026-03-02 11:35:08', 4, 12, 'ГО', 'Вавилон, голубой экран.таджмоторс ЦУМ', NULL),
(76, 39, 'Махмудов Фируз', 4, 17, 4, '2026-03-02 12:00:00', '2026-03-02 12:30:00', 0, 1, 'WAIT_ON_SITE', 'COMPLETED', NULL, '2026-03-02 08:08:45', '2026-03-02 10:47:40', 4, 12, 'ГО', 'Тадж мотрс', NULL),
(77, 29, 'Бобоев Барзу', 4, 17, 4, '2026-03-02 13:30:00', '2026-03-02 14:30:00', 0, 0, 'WAIT_ON_SITE', 'COMPLETED', NULL, '2026-03-02 10:16:55', '2026-03-02 18:15:35', 4, 12, 'ГО', 'СХДО ВКД ЧТ', 'Хулосаи Хадамоти оташнишониро гирифтан'),
(78, 43, 'МАВЛОНАЗАРОВ ИМОМНАЗАР', 4, 17, 4, '2026-03-03 11:30:00', '2026-03-03 12:30:00', 0, 1, 'WAIT_ON_SITE', 'COMPLETED', NULL, '2026-03-03 06:47:00', '2026-03-04 05:37:52', 9, 11, 'Офис ГО', 'AtS', NULL),
(79, 31, 'НУРОВ ДАВЛАТЁР ШАРИФБЕКОВИЧ', 4, 17, 4, '2026-03-03 10:30:00', '2026-03-03 11:00:00', 1, 0, 'WAIT_ON_SITE', 'COMPLETED', NULL, '2026-03-03 06:55:39', '2026-03-03 07:51:09', 4, 12, 'ГО', 'ЦРС', NULL),
(80, 29, 'Бобоев Барзу', 4, 17, 4, '2026-03-04 09:00:00', '2026-03-04 10:00:00', 0, 0, 'WAIT_ON_SITE', 'COMPLETED', NULL, '2026-03-04 05:36:50', '2026-03-04 07:08:37', 4, 12, 'ГО', 'Склады ЦРС', NULL),
(81, 39, 'Махмудов Фируз Обидхонлвич', 4, 17, 4, '2026-03-04 10:30:00', '2026-03-04 11:45:00', 0, 1, 'WAIT_ON_SITE', 'COMPLETED', NULL, '2026-03-04 06:22:42', '2026-03-04 13:25:10', 4, 12, 'ГО', 'Голубой экран, ЦУМ ГО', NULL),
(82, 43, 'МАВЛОНАЗАРОВ ИМОМНАЗАР', 4, 17, 4, '2026-03-04 14:00:00', '2026-03-04 15:00:00', 0, 1, 'WAIT_ON_SITE', 'CANCELED', NULL, '2026-03-04 08:37:03', '2026-03-04 10:50:53', 9, 11, 'Офис ГО', 'AtS', NULL),
(83, 31, 'Давлатёр Нуров', 4, 17, 4, '2026-03-05 12:30:00', '2026-03-05 13:00:00', 0, 0, 'WAIT_ON_SITE', 'COMPLETED', NULL, '2026-03-05 08:26:32', '2026-03-06 03:47:29', 4, 12, 'офис', 'црс', NULL),
(84, 31, 'Давлатёр Нуров', 4, 17, 4, '2026-03-05 12:30:00', '2026-03-05 13:30:00', 0, 0, 'WAIT_ON_SITE', 'CANCELED', NULL, '2026-03-05 08:26:32', '2026-03-05 08:26:42', 4, 12, 'офис', 'црс', NULL),
(85, 39, 'Махмудов Фируз', 4, 17, 4, '2026-03-05 14:00:00', '2026-03-05 15:00:00', 0, 1, 'WAIT_ON_SITE', 'CANCELED', NULL, '2026-03-05 10:40:38', '2026-03-06 06:32:44', 4, 12, 'ГОЛОВНОЙ ОФИС', 'Инфатек и голубой экран.', NULL),
(86, 39, 'Махмудоа Фируз', 4, 17, 4, '2026-03-06 10:00:00', '2026-03-06 12:00:00', 0, 1, 'WAIT_ON_SITE', 'COMPLETED', NULL, '2026-03-06 06:32:34', '2026-03-06 10:33:38', 4, 12, 'ГО', 'Инфатек. ЦУМ Вавилон.тайета центр', NULL),
(87, 39, 'Махмудов Фируз', 4, 17, 4, '2026-03-06 12:30:00', '2026-03-06 12:55:00', 0, 1, 'WAIT_ON_SITE', 'COMPLETED', NULL, '2026-03-06 09:20:02', '2026-03-06 10:38:40', 4, 12, 'Вавилон', 'Инфатек', NULL),
(88, 44, 'Насратшоева Тимима', 4, 17, 4, '2026-03-06 13:30:00', '2026-03-06 15:00:00', 1, 0, 'RETURN_AT_TIME', 'DECLINED', NULL, '2026-03-06 10:17:33', '2026-03-06 10:34:36', 9, 12, 'ГО КН', 'ЖД вокзал', NULL),
(89, 18, 'Исмоилзод Мустафо', 4, 17, 4, '2026-03-06 14:00:00', '2026-03-06 17:00:00', 0, 0, 'WAIT_ON_SITE', 'COMPLETED', NULL, '2026-03-06 10:36:42', '2026-03-07 05:09:37', 4, 12, 'ГО', 'спей', 'раздача подарков'),
(90, 31, 'Давлатёр Нуров', 4, 17, 4, '2026-03-07 10:30:00', '2026-03-07 11:00:00', 0, 0, 'WAIT_ON_SITE', 'CANCELED', NULL, '2026-03-07 07:23:19', '2026-03-07 07:26:30', 4, 12, 'ГО', 'ЦРС', NULL),
(91, 31, 'Нуров Давлатёр Шарифбекович', 4, 17, 4, '2026-03-10 09:30:00', '2026-03-10 10:30:00', 1, 0, 'WAIT_ON_SITE', 'COMPLETED', NULL, '2026-03-10 06:06:58', '2026-03-10 07:26:59', 4, 12, 'ГО', 'Славянский', NULL),
(92, 18, 'Исмоилзод Мустафо', 4, 17, 4, '2026-03-10 10:30:00', '2026-03-10 12:00:00', 0, 0, 'WAIT_ON_SITE', 'COMPLETED', NULL, '2026-03-10 07:28:07', '2026-03-10 13:32:32', 4, 12, 'ГО', 'Авесто', NULL),
(95, 31, 'Давлатёр Нуров', 4, 17, 4, '2026-03-13 10:30:00', '2026-03-13 11:00:00', 0, 0, 'RETURN_AT_TIME', 'COMPLETED', NULL, '2026-03-13 07:20:52', '2026-03-13 11:32:58', 4, 12, 'ГО', 'ЦРС', NULL),
(96, 37, 'Лоикова Мариям', 4, 17, 4, '2026-03-13 13:00:00', '2026-03-13 14:00:00', 0, 0, 'WAIT_ON_SITE', 'CANCELED', NULL, '2026-03-13 09:05:04', '2026-03-13 09:06:04', 9, 12, 'Офис', '102 микр', NULL),
(97, 37, 'Лоикова Мариям', 4, 17, 4, '2026-03-13 13:00:00', '2026-03-13 14:00:00', 0, 1, 'WAIT_ON_SITE', 'CANCELED', NULL, '2026-03-13 09:05:04', '2026-03-13 09:06:12', 9, 12, 'Офис', '102 микр', NULL),
(98, 37, 'Лоикова Мариям', 4, 17, 4, '2026-03-13 14:30:00', '2026-03-13 15:30:00', 0, 1, 'WAIT_ON_SITE', 'DECLINED', NULL, '2026-03-13 09:05:04', '2026-03-13 10:51:26', 9, 12, 'Офис', '102 микр', NULL),
(99, 37, 'Мариям Лоикова', 4, 17, 4, '2026-03-13 16:30:00', '2026-03-13 17:30:00', 0, 1, 'WAIT_ON_SITE', 'CANCELED', NULL, '2026-03-13 10:56:30', '2026-03-13 13:15:26', 9, 12, 'Офис', '102 микр.', NULL),
(100, 37, 'Мариям Лоикова', 4, 17, 4, '2026-03-14 14:30:00', '2026-03-14 15:30:00', 0, 1, 'WAIT_ON_SITE', 'CANCELED', NULL, '2026-03-13 15:29:44', '2026-03-14 09:07:14', 9, 12, 'Офис', '102 микр.', NULL),
(101, 39, 'Махмудов Фируз', 4, 17, 4, '2026-03-14 11:30:00', '2026-03-14 12:51:00', 0, 1, 'WAIT_ON_SITE', 'COMPLETED', NULL, '2026-03-14 08:02:40', '2026-03-14 14:40:05', 4, 12, 'Головной Офис', 'Голубой экран.Цум', NULL),
(102, 24, 'sdfghj', 5, NULL, 5, '2026-03-15 14:00:00', '2026-03-15 15:00:00', 0, 0, 'WAIT_ON_SITE', 'DECLINED', NULL, '2026-03-14 10:49:23', '2026-03-17 09:02:51', 7, 11, 'dfghjk', 'fghjk', 'fghjk'),
(103, 18, 'Исмоилзод Мустафо', 4, 17, 4, '2026-03-16 09:30:00', '2026-03-16 11:00:00', 0, 0, 'WAIT_ON_SITE', 'COMPLETED', NULL, '2026-03-16 06:20:35', '2026-03-16 08:06:58', 4, 12, 'ГО', 'Посольство Китая', NULL),
(106, 46, 'Абдуль дуль ль', 4, 17, 4, '2026-03-16 15:30:00', '2026-03-16 16:30:00', 1, 1, 'WAIT_ON_SITE', 'DECLINED', NULL, '2026-03-16 08:40:20', '2026-03-16 08:40:37', 10, 12, 'Офис', 'Домой', 'Хочу домой'),
(107, 39, 'Махмудов Фируз Обидхонович', 4, 17, 4, '2026-03-16 12:00:00', '2026-03-16 13:25:00', 1, 0, 'WAIT_ON_SITE', 'COMPLETED', NULL, '2026-03-16 08:45:03', '2026-03-16 14:12:21', 4, 12, 'Го', 'Тадж мотрс, голубой экран ЦУМ', NULL),
(110, 19, 'Test', 4, 17, 4, '2026-03-18 09:00:00', '2026-03-18 10:00:00', 0, 0, 'WAIT_ON_SITE', 'DECLINED', NULL, '2026-03-16 18:54:29', '2026-03-17 07:18:04', 4, 12, 'Go', 'Go', 'Go'),
(111, 31, 'Нуров Давлатёр', 4, 17, 4, '2026-03-19 11:00:00', '2026-03-19 12:00:00', 0, 0, 'RETURN_AT_TIME', 'COMPLETED', NULL, '2026-03-19 07:57:47', '2026-04-22 11:24:25', 4, 12, 'ГО', 'ЦРС', NULL),
(112, 31, 'Нуров Давлатёр', 4, 17, 4, '2026-03-19 11:00:00', '2026-03-19 12:00:00', 0, 0, 'RETURN_AT_TIME', 'CANCELED', NULL, '2026-03-19 07:57:47', '2026-03-19 07:58:13', 4, 12, 'ГО', 'ЦРС', NULL),
(113, 31, 'Нуров Давлатёр Шарифбекович', 4, 17, 4, '2026-03-26 13:30:00', '2026-03-26 13:45:00', 0, 0, 'WAIT_ON_SITE', 'COMPLETED', NULL, '2026-03-26 10:17:03', '2026-03-26 12:15:28', 4, 12, 'ГО', 'ЦРС', NULL),
(114, 39, 'Махмудов Фируз', 4, 17, 4, '2026-03-27 10:30:00', '2026-03-27 11:50:00', 1, 0, 'WAIT_ON_SITE', 'COMPLETED', NULL, '2026-03-27 06:36:32', '2026-04-22 11:24:26', 4, 12, 'ГО', 'Голубой экран. Вавилон. таджмоторс.', NULL),
(115, 31, 'Нуров Давлатёр Шарифбекович ,Бобоев Барзу', 4, 17, 4, '2026-03-28 11:00:00', '2026-03-28 14:00:00', 1, 0, 'RETURN_AT_TIME', 'CANCELED', NULL, '2026-03-28 07:13:17', '2026-03-28 07:13:27', 4, 12, 'ГО', 'ЦРС', NULL),
(116, 31, 'Нуров Давлатёр Шарифбекович ,Бобоев Барзу', 4, 17, 4, '2026-03-28 11:00:00', '2026-03-28 13:00:00', 1, 0, 'RETURN_AT_TIME', 'COMPLETED', NULL, '2026-03-28 07:13:17', '2026-03-28 09:09:15', 4, 12, 'ГО', 'ЦРС', NULL),
(117, 31, 'Давлатёр Нуров', 4, 17, 4, '2026-03-30 13:30:00', '2026-03-30 14:00:00', 0, 0, 'RETURN_AT_TIME', 'COMPLETED', NULL, '2026-03-30 10:00:44', '2026-03-30 10:55:57', 4, 12, 'ГО', 'ЦРС', NULL),
(118, 39, 'Махмудов Фируз', 4, 17, 4, '2026-03-30 16:00:00', '2026-03-30 16:50:00', 0, 1, 'WAIT_ON_SITE', 'COMPLETED', NULL, '2026-03-30 11:01:55', '2026-03-30 15:36:07', 4, 12, 'ГО', 'Голубой экран, ЦУМ.', NULL),
(119, 39, 'Махмудов Фируз Обидхонович', 4, 17, 4, '2026-03-31 11:00:00', '2026-03-31 12:53:00', 0, 0, 'WAIT_ON_SITE', 'COMPLETED', NULL, '2026-03-31 07:58:41', '2026-03-31 18:28:17', 4, 12, 'ГО', 'Вавилон. ЦУМ. Истера.', NULL),
(120, 39, 'Махмудов Фируз', 4, 17, 4, '2026-04-01 11:00:00', '2026-04-01 12:00:00', 0, 0, 'WAIT_ON_SITE', 'COMPLETED', NULL, '2026-04-01 07:15:47', '2026-04-02 02:14:33', 4, 12, 'ГО', 'ЦУМ. Садбарг', NULL),
(122, 31, 'Нуров Давлатёр Шарифбекович', 4, 17, 4, '2026-04-02 13:30:00', '2026-04-02 13:45:00', 0, 0, 'RETURN_AT_TIME', 'COMPLETED', NULL, '2026-04-02 07:25:24', '2026-04-02 18:01:07', 4, 12, 'ГО', 'ЦРС', NULL),
(123, 39, 'Махмудов Фируз', 4, 17, 4, '2026-04-02 11:00:00', '2026-04-02 12:00:00', 0, 1, 'WAIT_ON_SITE', 'DECLINED', NULL, '2026-04-02 07:31:48', '2026-04-02 07:43:45', 4, 12, 'ГО', 'ЦУМ', NULL),
(124, 32, 'Сатыева Заррина', 4, 17, 4, '2026-04-02 11:00:00', '2026-04-02 12:00:00', 1, 0, 'WAIT_ON_SITE', 'COMPLETED', NULL, '2026-04-02 07:46:46', '2026-04-02 09:03:14', 4, 12, 'ГО', 'Ёвар Профсоюз', NULL),
(125, 43, 'Искандар Раматов', 4, 17, 4, '2026-04-03 12:00:00', '2026-04-03 13:30:00', 1, 0, 'WAIT_ON_SITE', 'COMPLETED', NULL, '2026-04-03 08:43:40', '2026-04-03 15:07:18', 9, 11, 'ГО', 'Ашан', NULL),
(126, 31, 'Нуров Давлатёр Шарифбекович', 4, 17, 4, '2026-04-06 08:30:00', '2026-04-06 09:15:00', 0, 0, 'RETURN_AT_TIME', 'COMPLETED', NULL, '2026-04-06 05:21:32', '2026-04-06 08:11:33', 4, 12, 'ГО', 'ЦРС', NULL),
(127, 39, 'Махмудов Фируз Обидхонович', 4, 17, 4, '2026-04-06 11:30:00', '2026-04-06 12:50:00', 0, 0, 'WAIT_ON_SITE', 'COMPLETED', NULL, '2026-04-06 08:08:22', '2026-04-06 14:25:31', 4, 12, 'ГО', 'Асус магазин. Дастрас цырк. Таета центр.', NULL),
(128, 60, 'Исмоилзод Мустафо', 4, 17, 4, '2026-04-07 09:20:00', '2026-04-07 11:30:00', 1, 0, 'RETURN_AT_TIME', 'COMPLETED', NULL, '2026-04-07 05:36:32', '2026-04-22 11:24:29', 4, 12, 'ГО', 'гостевой', NULL),
(129, 31, 'Нуров Давлатёр Шарифбекович', 4, 17, 4, '2026-04-07 12:00:00', '2026-04-07 13:00:00', 0, 0, 'WAIT_ON_SITE', 'CANCELED', NULL, '2026-04-07 07:34:01', '2026-04-07 07:48:47', 4, 12, 'ГО', 'Славянский (типография)', NULL),
(130, 31, 'Нуров Давлатёр Шарифбекович', 4, 17, 4, '2026-04-07 12:00:00', '2026-04-07 13:00:00', 0, 0, 'RETURN_AT_TIME', 'CANCELED', NULL, '2026-04-07 07:34:01', '2026-04-07 07:48:44', 4, 12, 'ГО', 'Славянский (типография)', NULL),
(131, 31, 'Нуров Давлатёр Шарифбекович', 4, 17, 4, '2026-04-08 09:30:00', '2026-04-08 10:30:00', 0, 0, 'RETURN_AT_TIME', 'COMPLETED', NULL, '2026-04-08 05:39:32', '2026-04-08 10:54:05', 4, 12, 'ГО', 'Типография Славянский', NULL),
(132, 39, 'Махмудов Фируз', 4, 17, 4, '2026-04-08 11:00:00', '2026-04-08 12:45:00', 0, 0, 'WAIT_ON_SITE', 'COMPLETED', NULL, '2026-04-08 07:14:06', '2026-04-09 08:30:11', 4, 12, 'ГО', 'ЦУМ. Голубой экран. Таета центр.', NULL),
(133, 61, 'Рахматов Кароматулло', 4, 17, 4, '2026-04-09 11:30:00', '2026-04-09 13:30:00', 1, 0, 'RETURN_AT_TIME', 'COMPLETED', NULL, '2026-04-09 07:06:41', '2026-04-09 12:42:26', 9, 11, 'ГО', 'AtS', NULL),
(134, 39, 'Махмудов Фируз', 4, 17, 4, '2026-04-13 10:30:00', '2026-04-13 12:29:00', 0, 1, 'WAIT_ON_SITE', 'COMPLETED', NULL, '2026-04-13 06:46:31', '2026-04-14 06:42:29', 4, 12, 'ГО', 'Neets, голубой экран. дастрас.', NULL),
(135, 39, 'Мазмудов Фируз', 4, 17, 4, '2026-04-14 16:00:00', '2026-04-14 17:00:00', 0, 1, 'WAIT_ON_SITE', 'COMPLETED', NULL, '2026-04-14 10:33:44', '2026-04-15 04:43:48', 4, 12, 'ГО', 'Голубой экран. Таета центр.', NULL),
(136, 39, 'Махмудов Фируз. + Охрана Хусниддин', 4, 17, 4, '2026-04-15 12:30:00', '2026-04-15 13:55:00', 0, 0, 'WAIT_ON_SITE', 'COMPLETED', NULL, '2026-04-15 09:02:21', '2026-04-15 13:08:16', 4, 12, 'ГО', 'Корвон', NULL),
(137, 40, 'Абдуллаева Зарина', 4, 17, 4, '2026-04-16 11:30:00', '2026-04-16 12:30:00', 1, 0, 'WAIT_ON_SITE', 'COMPLETED', NULL, '2026-04-15 12:32:24', '2026-04-16 09:43:50', 9, 11, 'ГОКН', 'MDIS D', 'Поездка на встречу с партнерами'),
(138, 31, 'Нуров Давлатёр Шарифбекович', 4, 17, 4, '2026-04-16 10:00:00', '2026-04-16 10:30:00', 0, 0, 'RETURN_AT_TIME', 'COMPLETED', NULL, '2026-04-16 06:37:11', '2026-04-16 09:13:47', 4, 12, 'ГО', 'ЦРС', NULL),
(139, 39, 'Махмудов Фируз', 4, 17, 4, '2026-04-16 13:00:00', '2026-04-16 14:00:00', 0, 1, 'WAIT_ON_SITE', 'DECLINED', NULL, '2026-04-16 09:13:36', '2026-04-16 09:16:53', 4, 12, 'ГО', 'ЦУМ', NULL),
(140, 39, 'Махмудов Фируз', 4, 17, 4, '2026-04-20 11:30:00', '2026-04-20 12:51:00', 0, 1, 'WAIT_ON_SITE', 'COMPLETED', NULL, '2026-04-20 08:23:03', '2026-04-20 14:54:42', 4, 12, 'ГО', 'ЦУМ, дастрас. Таетацентр', NULL),
(141, 31, 'Нуров Давлатёр Шарифбекович', 4, 17, 4, '2026-04-21 08:30:00', '2026-04-21 09:00:00', 1, 0, 'WAIT_ON_SITE', 'COMPLETED', NULL, '2026-04-20 14:48:54', '2026-04-21 07:08:04', 4, 12, 'ГО', 'ЦРС', 'Поездка в Пожарка.респуб'),
(142, 43, 'ИМОМНАЗАР МАВЛОНАЗАРОВ', 4, 17, 4, '2026-04-21 11:00:00', '2026-04-21 12:00:00', 1, 1, 'WAIT_ON_SITE', 'COMPLETED', NULL, '2026-04-21 07:47:07', '2026-04-21 08:18:16', 9, 11, 'ГО', 'Atas', NULL),
(143, 39, 'Мазмудов Фируз', 4, 17, 4, '2026-04-21 12:30:00', '2026-04-21 13:30:00', 0, 1, 'WAIT_ON_SITE', 'COMPLETED', NULL, '2026-04-21 08:13:30', '2026-04-22 11:23:37', 4, 12, 'ГО', 'Голубой экран. го', NULL),
(144, 62, 'Каримов Махмадулло', 4, 17, 4, '2026-04-21 16:00:00', '2026-04-21 17:00:00', 0, 1, 'WAIT_ON_SITE', 'COMPLETED', NULL, '2026-04-21 10:53:09', '2026-04-22 11:24:37', 8, 9, 'Офис ГО', 'Аэрапорт', 'Кодиров Абдусаттор и Каримов Махмадулло'),
(145, 62, 'Каримов Махмадулло', 4, 17, 4, '2026-04-21 16:00:00', '2026-04-21 17:00:00', 0, 0, 'WAIT_ON_SITE', 'COMPLETED', NULL, '2026-04-21 10:53:09', '2026-04-22 11:24:42', 8, 9, 'Офис ГО', 'Аэрапорт', 'Кодиров Абдусаттор и Каримов Махмадулло'),
(146, 40, 'Абдуллаева Зарина', 4, 17, 4, '2026-04-22 12:30:00', '2026-04-22 13:30:00', 1, 0, 'RETURN_AT_TIME', 'COMPLETED', NULL, '2026-04-22 06:04:47', '2026-04-22 11:24:46', 9, 11, 'ГО', 'MDIS D (пед институт)', NULL),
(147, 39, 'Махмудов Фируз', 4, 17, 4, '2026-04-23 12:00:00', '2026-04-23 13:29:00', 0, 1, 'WAIT_ON_SITE', 'COMPLETED', NULL, '2026-04-23 08:32:14', '2026-04-23 09:40:35', 4, 12, 'ГО', 'ЦУМ. Голубой экран. Таета центр', NULL),
(148, 43, 'МИРЗОЕВ ФАРХОД', 4, 17, 4, '2026-04-24 11:00:00', '2026-04-24 11:30:00', 0, 0, 'RETURN_AT_TIME', 'COMPLETED', NULL, '2026-04-24 05:45:19', '2026-04-28 10:37:16', 9, 9, 'ГО', 'Сингапурский институт', 'Пединститут. Сафо'),
(150, 39, 'Махмудов Фируз', 4, 17, 4, '2026-04-27 13:00:00', '2026-04-27 14:00:00', 0, 1, 'WAIT_ON_SITE', 'COMPLETED', NULL, '2026-04-27 09:50:00', '2026-04-28 10:37:35', 4, 12, 'ГО', 'ЦУМ. Дастрас. Кефир', NULL),
(151, 32, 'Сатыева Заррина', 4, 17, 4, '2026-04-28 10:00:00', '2026-04-28 13:00:00', 1, 0, 'WAIT_ON_SITE', 'COMPLETED', NULL, '2026-04-28 06:53:06', '2026-04-28 10:37:26', 4, 12, 'ГО Офис', 'Текстиль', NULL),
(152, 25, 'Dilovar', 4, 17, 4, '2026-04-28 19:00:00', '2026-04-28 20:00:00', 0, 1, 'WAIT_ON_SITE', 'DECLINED', NULL, '2026-04-28 15:25:42', '2026-04-28 15:27:10', 10, 12, 'Go', 'Test', 'Trsting'),
(154, 44, 'Насратшоева Тимима', 4, 17, 4, '2026-04-30 10:00:00', '2026-04-30 11:00:00', 1, 0, 'RETURN_AT_TIME', 'CANCELED', NULL, '2026-04-30 06:00:22', '2026-04-30 07:03:46', 9, 12, 'ГО КН', 'Шириншох Шотемур 79', NULL),
(156, 31, 'Нуров Давлатёр Шарифбекович', 4, 17, 4, '2026-04-30 13:30:00', '2026-04-30 14:00:00', 1, 0, 'WAIT_ON_SITE', 'CANCELED', NULL, '2026-04-30 07:07:41', '2026-05-01 05:31:07', 4, 12, 'ГО', 'ЦРС', 'Бобоев Барзу'),
(157, 44, 'Насратшоева Тимима', 4, 17, 4, '2026-05-01 13:00:00', '2026-05-01 14:00:00', 1, 0, 'WAIT_ON_SITE', 'COMPLETED', NULL, '2026-04-30 09:13:05', '2026-06-02 05:08:31', 9, 12, 'ГО КН', 'Шириншох Шотемур 79', 'Сегодняшняя встреча была перенесена на завтра'),
(158, 44, 'Насратшоева Тимима', 4, 17, 4, '2026-05-01 13:00:00', '2026-05-01 14:00:00', 1, 0, 'WAIT_ON_SITE', 'COMPLETED', NULL, '2026-04-30 09:13:05', '2026-05-20 10:40:24', 9, 12, 'ГО КН', 'Шириншох Шотемур 79', 'Сегодняшняя встреча была перенесена на завтра'),
(159, 36, 'Саидов Саймудасир', 4, 17, 4, '2026-05-01 09:30:00', '2026-05-01 10:30:00', 1, 1, 'WAIT_ON_SITE', 'COMPLETED', NULL, '2026-05-01 06:01:44', '2026-05-04 05:50:09', 4, 12, 'ГО', 'Инфотек- Садбарг', NULL),
(161, 36, 'Давлатов Идибек', 4, 17, 4, '2026-05-02 11:30:00', '2026-05-02 12:30:00', 0, 0, 'WAIT_ON_SITE', 'COMPLETED', NULL, '2026-05-02 08:02:29', '2026-05-04 05:49:51', 4, 12, 'Го', 'Тц.Садбарг', NULL),
(162, 39, 'Махмудов Фируз', 4, 17, 4, '2026-05-04 12:00:00', '2026-05-04 13:00:00', 0, 1, 'WAIT_ON_SITE', 'COMPLETED', NULL, '2026-05-04 08:29:25', '2026-05-06 05:42:17', 4, 12, 'ГО', 'Голубой экран', NULL),
(163, 43, 'ИМОМНАЗАР МАВЛОНАЗАРОВ', 4, 17, 4, '2026-05-04 16:30:00', '2026-05-04 17:30:00', 1, 1, 'WAIT_ON_SITE', 'DECLINED', NULL, '2026-05-04 12:59:54', '2026-05-04 13:09:57', 9, 11, 'ГО', 'Ромсар', NULL),
(164, 29, 'Бобоев Барзу', 4, 17, 4, '2026-05-05 11:30:00', '2026-05-05 12:00:00', 0, 0, 'WAIT_ON_SITE', 'COMPLETED', NULL, '2026-05-05 08:07:04', '2026-05-13 05:30:30', 4, 11, 'ГО', 'УГАИ МВД РТ', NULL),
(166, 39, 'Махмудов Фируз Обидхонович', 4, 17, 4, '2026-05-05 12:30:00', '2026-05-05 13:30:00', 1, 1, 'WAIT_ON_SITE', 'COMPLETED', NULL, '2026-05-05 08:56:25', '2026-05-13 05:30:22', 4, 12, 'ГО', 'ГО Вавилон', NULL),
(167, 32, 'С', 4, 17, 4, '2026-05-06 11:00:00', '2026-05-06 14:00:00', 1, 0, 'WAIT_ON_SITE', 'COMPLETED', NULL, '2026-05-06 05:37:33', '2026-05-06 11:46:09', 4, 12, 'ГО Офис', 'ул. Бухоро 33-Альфэмо', NULL),
(170, 31, 'Нуров Давлатёр Шарифбекович', 4, 17, 4, '2026-05-06 09:30:00', '2026-05-06 10:30:00', 0, 0, 'WAIT_ON_SITE', 'COMPLETED', NULL, '2026-05-06 06:27:33', '2026-05-13 05:30:18', 4, 12, 'ГО', 'Типография Славянский университет', 'Забрать журнал посещения архива'),
(171, 29, 'Бобоев Барзу', 4, 17, 4, '2026-05-07 12:00:00', '2026-05-07 13:00:00', 0, 0, 'WAIT_ON_SITE', 'COMPLETED', NULL, '2026-05-07 05:10:22', '2026-05-13 05:30:13', 4, 12, 'ГО', 'Магазин Пожтехнини потом ЦРС', NULL),
(172, 32, 'Сатыева Заррина', 4, 17, 4, '2026-05-12 10:00:00', '2026-05-12 13:00:00', 1, 0, 'WAIT_ON_SITE', 'COMPLETED', NULL, '2026-05-11 14:05:17', '2026-05-13 05:30:05', 4, 12, 'ГО Офис', 'Бухоро 33, ориентир Альфэмо', 'За униформами'),
(173, 39, 'Махмудов Фируз', 4, 17, 4, '2026-05-12 13:30:00', '2026-05-12 14:00:00', 0, 1, 'WAIT_ON_SITE', 'COMPLETED', NULL, '2026-05-12 06:26:25', '2026-05-13 05:30:07', 4, 12, 'ГО', 'Голубой экран. Султони Кабир', NULL),
(174, 39, 'Махмудов Фируз', 4, 17, 4, '2026-05-13 09:30:00', '2026-05-13 11:20:00', 1, 0, 'WAIT_ON_SITE', 'COMPLETED', NULL, '2026-05-13 05:26:37', '2026-05-19 07:41:22', 4, 12, 'ГО', 'Хуросон, дастрас, голубой экран', NULL),
(175, 29, 'Бобоев Барзу', 4, 17, 4, '2026-05-13 12:30:00', '2026-05-13 13:30:00', 0, 0, 'RETURN_AT_TIME', 'COMPLETED', NULL, '2026-05-13 06:47:04', '2026-05-19 07:42:46', 4, 12, 'ГО', 'Управление пожарной службы города Душанбе', NULL),
(176, 39, 'Мазмудов Фируз Обидхонович', 4, 17, 4, '2026-05-14 12:30:00', '2026-05-14 13:44:00', 0, 1, 'WAIT_ON_SITE', 'COMPLETED', NULL, '2026-05-14 09:13:47', '2026-05-19 07:42:39', 4, 12, 'Го', 'Кушонион, ЦУМ, голубой экран', NULL),
(177, 29, 'Бобоев Барзу', 4, 17, 4, '2026-05-15 10:00:00', '2026-05-15 11:00:00', 0, 0, 'WAIT_ON_SITE', 'COMPLETED', NULL, '2026-05-15 06:35:03', '2026-05-20 10:40:21', 4, 12, 'ГО', 'ЦРС', NULL),
(178, 39, 'Махмудов Фируз', 4, 17, 4, '2026-05-15 11:30:00', '2026-05-15 12:40:00', 0, 0, 'WAIT_ON_SITE', 'COMPLETED', NULL, '2026-05-15 07:01:59', '2026-05-19 07:42:15', 4, 12, 'ГО', 'МЧС, диер, таета центр.', NULL),
(179, 31, 'Нуров Давлатёр Шарифбекович', 4, 17, 4, '2026-05-16 10:30:00', '2026-05-16 11:30:00', 0, 0, 'WAIT_ON_SITE', 'CANCELED', NULL, '2026-05-16 07:21:07', '2026-05-16 07:24:03', 4, 12, 'ГО', 'Ёкут 2000', NULL),
(180, 31, 'Нуров Давлатёр Шарифбекович', 4, 17, 4, '2026-05-16 11:00:00', '2026-05-16 12:30:00', 0, 0, 'WAIT_ON_SITE', 'COMPLETED', NULL, '2026-05-16 07:25:12', '2026-05-19 07:41:33', 4, 11, 'ГО', 'Ёкут 2000', NULL),
(181, 29, 'Бобоев Б', 4, 17, 4, '2026-05-18 10:30:00', '2026-05-18 11:30:00', 0, 0, 'WAIT_ON_SITE', 'COMPLETED', NULL, '2026-05-18 07:25:54', '2026-05-19 07:41:28', 4, 12, 'ГО', 'УГАИ МВД РТ', NULL),
(182, 39, 'Махмудов Фируз', 4, 17, 4, '2026-05-18 12:00:00', '2026-05-18 13:00:00', 0, 1, 'WAIT_ON_SITE', 'CANCELED', NULL, '2026-05-18 08:56:33', '2026-05-18 09:11:31', 4, 12, 'ГО', 'Дастрас', NULL),
(183, 39, 'Мазмудов Фируз', 4, 17, 4, '2026-05-18 12:30:00', '2026-05-18 13:15:00', 0, 1, 'WAIT_ON_SITE', 'COMPLETED', NULL, '2026-05-18 09:12:48', '2026-05-19 07:40:59', 4, 12, 'ГО', 'Дастрас. Тц Хуросон', NULL),
(184, 29, 'Бобоев Бразу', 4, 17, 4, '2026-05-19 11:00:00', '2026-05-19 12:00:00', 0, 0, 'WAIT_ON_SITE', 'COMPLETED', NULL, '2026-05-19 07:36:36', '2026-05-20 10:40:19', 4, 12, 'ГО', 'ГАИ г.Душанбе', NULL),
(185, 31, 'Каримов Махмад', 4, 17, 4, '2026-05-20 08:30:00', '2026-05-20 09:30:00', 0, 0, 'WAIT_ON_SITE', 'COMPLETED', NULL, '2026-05-20 05:17:17', '2026-05-20 10:40:31', 4, 9, 'ГО', 'ATS', NULL),
(186, 31, 'Бобоев Барзу', 4, 17, 4, '2026-05-20 10:00:00', '2026-05-20 11:30:00', 1, 0, 'WAIT_ON_SITE', 'COMPLETED', NULL, '2026-05-20 05:28:17', '2026-05-20 10:40:34', 4, 12, 'ГО', 'Управления Гаи', NULL),
(187, 31, 'Хусниддини Зарифи', 4, 17, 4, '2026-05-20 12:00:00', '2026-05-20 13:00:00', 0, 0, 'WAIT_ON_SITE', 'COMPLETED', NULL, '2026-05-20 05:34:12', '2026-05-20 10:40:35', 4, 11, 'ГО', 'цех Ёкут 2000', 'Зам'),
(189, 39, 'Махмудов Фируз', 4, 17, 4, '2026-05-20 13:30:00', '2026-05-20 14:00:00', 0, 1, 'WAIT_ON_SITE', 'COMPLETED', NULL, '2026-05-20 10:13:54', '2026-05-21 06:00:42', 4, 12, 'ГО', 'Магазин asus', NULL),
(190, 39, 'Мазмудов Фируз', 4, 17, 4, '2026-05-21 09:00:00', '2026-05-21 09:20:00', 0, 1, 'WAIT_ON_SITE', 'COMPLETED', NULL, '2026-05-21 05:54:59', '2026-05-22 15:24:53', 4, 12, 'Го', 'Гулдаста', NULL),
(191, 39, 'Махмудов Фируз', 4, 17, 4, '2026-05-21 11:30:00', '2026-05-21 12:30:00', 0, 1, 'WAIT_ON_SITE', 'COMPLETED', NULL, '2026-05-21 08:07:29', '2026-05-22 15:24:40', 4, 12, 'ГО', 'Магазин Asus', NULL),
(192, 31, 'Нуров Давлатёр Шарифбекович', 4, 17, 4, '2026-05-22 13:30:00', '2026-05-22 14:00:00', 1, 0, 'WAIT_ON_SITE', 'COMPLETED', NULL, '2026-05-22 09:25:01', '2026-05-22 15:24:58', 4, 12, 'ГО', 'ЦРС', NULL),
(193, 31, 'Нуров Давлатёр Шарифбекович', 4, 17, 4, '2026-05-23 11:30:00', '2026-05-23 12:30:00', 1, 0, 'WAIT_ON_SITE', 'COMPLETED', NULL, '2026-05-23 08:04:31', '2026-05-30 08:46:19', 4, 12, 'ГО', 'ЦРС', NULL),
(194, 39, 'Махмудов Фируз', 4, 17, 4, '2026-05-25 11:00:00', '2026-05-25 12:35:00', 0, 1, 'WAIT_ON_SITE', 'COMPLETED', NULL, '2026-05-25 07:34:55', '2026-05-28 15:33:47', 4, 12, 'ГО', 'ЦУМ, голубой экран, хуросон ТЦ. Дастрас.', NULL),
(195, 43, 'Камолова Динора', 4, 17, 4, '2026-05-29 09:00:00', '2026-05-29 10:00:00', 0, 1, 'WAIT_ON_SITE', 'COMPLETED', NULL, '2026-05-28 15:15:28', '2026-05-29 06:43:13', 9, 11, 'ГО', 'ДИТ', NULL),
(196, 31, 'Нуров Давлатёр Шарифбекович', 4, 17, 4, '2026-05-29 10:30:00', '2026-05-29 12:30:00', 1, 0, 'WAIT_ON_SITE', 'COMPLETED', NULL, '2026-05-29 06:15:47', '2026-05-30 08:46:02', 4, 12, 'ГО', 'ЦРС-Сизо', NULL),
(197, 43, 'Мавлоназаров Имомназар', 4, 17, 4, '2026-05-29 16:00:00', '2026-05-29 17:00:00', 1, 0, 'WAIT_ON_SITE', 'CANCELED', NULL, '2026-05-29 12:38:21', '2026-05-29 12:45:59', 9, 11, 'ГО', 'AtS', NULL),
(198, 39, 'Махмудов Фируз', 4, 17, 4, '2026-05-30 11:30:00', '2026-05-30 13:00:00', 0, 1, 'WAIT_ON_SITE', 'COMPLETED', NULL, '2026-05-30 08:19:39', '2026-05-30 08:46:07', 4, 12, 'ГО', 'Вавилон, голубой экран', NULL),
(199, 31, 'Нуров Давлатёр Шарифбекович', 4, 17, 4, '2026-06-01 09:30:00', '2026-06-01 10:30:00', 1, 0, 'WAIT_ON_SITE', 'APPROVED', NULL, '2026-06-01 06:13:20', '2026-06-01 06:13:59', 4, 12, 'ГО', 'ЦРС', NULL),
(200, 39, 'Махмудов н', 4, 17, 4, '2026-06-01 11:00:00', '2026-06-01 12:46:00', 0, 1, 'WAIT_ON_SITE', 'APPROVED', NULL, '2026-06-01 07:39:10', '2026-06-01 07:41:47', 4, 12, 'ГО', 'Вавилон, истера, голубой экран, инфатек дастрас.', NULL),
(201, 31, 'Нуров Давлатёр Шарифбекович', 4, 17, 4, '2026-06-01 16:30:00', '2026-06-01 17:00:00', 0, 0, 'WAIT_ON_SITE', 'COMPLETED', NULL, '2026-06-01 13:27:34', '2026-06-02 05:08:41', 4, 12, 'ГО', 'ЦРС', NULL),
(202, 32, 'Сатыева Заррина', 4, 17, 4, '2026-06-02 11:00:00', '2026-06-02 12:30:00', 1, 0, 'WAIT_ON_SITE', 'IN_PROGRESS', NULL, '2026-06-02 05:04:30', '2026-06-02 05:08:34', 4, 12, 'ГО Офис', 'Евар Мясной', NULL),
(203, 31, 'Нуров Давлатёр Шарифбекович', 4, 17, 4, '2026-06-02 13:30:00', '2026-06-02 13:48:00', 1, 0, 'WAIT_ON_SITE', 'APPROVED', NULL, '2026-06-02 10:20:58', '2026-06-02 10:21:18', 4, 12, 'ГО', 'ЦРС', NULL),
(204, 31, 'Нуров Давлатёр Шарифбекович', 4, 17, 4, '2026-06-03 13:30:00', '2026-06-03 13:50:00', 0, 0, 'WAIT_ON_SITE', 'APPROVED', NULL, '2026-06-03 09:43:07', '2026-06-03 09:43:26', 4, 12, 'ГО', 'ЦРС', NULL);

-- --------------------------------------------------------

--
-- Table structure for table `booking_status_history`
--

CREATE TABLE `booking_status_history` (
  `id` bigint(20) UNSIGNED NOT NULL,
  `booking_id` bigint(20) UNSIGNED NOT NULL,
  `old_status` enum('NEW','APPROVED','DECLINED','CANCELED','IN_PROGRESS','COMPLETED') COLLATE utf8mb4_unicode_ci DEFAULT NULL,
  `new_status` enum('NEW','APPROVED','DECLINED','CANCELED','IN_PROGRESS','COMPLETED') COLLATE utf8mb4_unicode_ci NOT NULL,
  `changed_by_user_id` bigint(20) UNSIGNED DEFAULT NULL,
  `reason` text COLLATE utf8mb4_unicode_ci,
  `created_at` timestamp NOT NULL DEFAULT CURRENT_TIMESTAMP
) ENGINE=InnoDB DEFAULT CHARSET=utf8mb4 COLLATE=utf8mb4_unicode_ci;

--
-- Dumping data for table `booking_status_history`
--

INSERT INTO `booking_status_history` (`id`, `booking_id`, `old_status`, `new_status`, `changed_by_user_id`, `reason`, `created_at`) VALUES
(30, 49, 'APPROVED', 'IN_PROGRESS', 17, 'Driver arrived', '2026-02-10 02:59:05'),
(31, 49, 'IN_PROGRESS', 'COMPLETED', 17, 'Driver completed journey', '2026-02-10 02:59:08'),
(39, 63, 'APPROVED', 'IN_PROGRESS', 17, 'Водитель прибыл и ожидает клиента', '2026-02-19 06:33:14'),
(40, 63, 'IN_PROGRESS', 'COMPLETED', 17, 'Водитель завершил поездку', '2026-02-19 06:33:16'),
(41, 64, 'NEW', 'IN_PROGRESS', 17, 'Водитель прибыл и ожидает клиента', '2026-02-19 06:33:24'),
(42, 64, 'IN_PROGRESS', 'COMPLETED', 17, 'Водитель завершил поездку', '2026-02-19 08:34:34'),
(43, 66, 'APPROVED', 'IN_PROGRESS', 17, 'Водитель прибыл и ожидает клиента', '2026-02-20 04:33:46'),
(44, 66, 'IN_PROGRESS', 'COMPLETED', 17, 'Водитель завершил поездку', '2026-02-20 11:02:43'),
(45, 67, 'APPROVED', 'IN_PROGRESS', 17, 'Водитель прибыл и ожидает клиента', '2026-02-23 07:26:51'),
(46, 67, 'IN_PROGRESS', 'COMPLETED', 17, 'Водитель завершил поездку', '2026-02-24 03:13:51'),
(47, 70, 'APPROVED', 'IN_PROGRESS', 17, 'Водитель прибыл и ожидает клиента', '2026-02-26 10:05:01'),
(48, 70, 'IN_PROGRESS', 'COMPLETED', 17, 'Водитель завершил поездку', '2026-02-26 10:05:04'),
(49, 72, 'APPROVED', 'IN_PROGRESS', 17, 'Водитель прибыл и ожидает клиента', '2026-02-28 05:59:07'),
(50, 72, 'IN_PROGRESS', 'COMPLETED', 17, 'Водитель завершил поездку', '2026-02-28 11:02:13'),
(51, 75, 'APPROVED', 'IN_PROGRESS', 17, 'Водитель прибыл и ожидает клиента', '2026-03-02 05:25:39'),
(52, 76, 'APPROVED', 'IN_PROGRESS', 17, 'Водитель прибыл и ожидает клиента', '2026-03-02 08:20:36'),
(53, 77, 'APPROVED', 'IN_PROGRESS', 17, 'Водитель прибыл и ожидает клиента', '2026-03-02 08:47:38'),
(54, 76, 'IN_PROGRESS', 'COMPLETED', 17, 'Водитель завершил поездку', '2026-03-02 08:47:40'),
(55, 75, 'IN_PROGRESS', 'COMPLETED', 17, 'Водитель завершил поездку', '2026-03-02 09:35:08'),
(56, 77, 'IN_PROGRESS', 'COMPLETED', 17, 'Водитель завершил поездку', '2026-03-02 16:15:35'),
(57, 78, 'APPROVED', 'IN_PROGRESS', 17, 'Водитель прибыл и ожидает клиента', '2026-03-03 05:12:07'),
(58, 79, 'APPROVED', 'IN_PROGRESS', 17, 'Водитель прибыл и ожидает клиента', '2026-03-03 05:51:06'),
(59, 79, 'IN_PROGRESS', 'COMPLETED', 17, 'Водитель завершил поездку', '2026-03-03 05:51:09'),
(60, 78, 'IN_PROGRESS', 'COMPLETED', 17, 'Водитель завершил поездку', '2026-03-04 03:37:52'),
(61, 80, 'APPROVED', 'IN_PROGRESS', 17, 'Водитель прибыл и ожидает клиента', '2026-03-04 04:02:17'),
(62, 80, 'IN_PROGRESS', 'COMPLETED', 17, 'Водитель завершил поездку', '2026-03-04 05:08:37'),
(63, 81, 'APPROVED', 'IN_PROGRESS', 17, 'Водитель прибыл и ожидает клиента', '2026-03-04 05:09:35'),
(64, 81, 'IN_PROGRESS', 'COMPLETED', 17, 'Водитель завершил поездку', '2026-03-04 11:25:10'),
(65, 83, 'APPROVED', 'IN_PROGRESS', 17, 'Водитель прибыл и ожидает клиента', '2026-03-05 08:41:59'),
(66, 83, 'IN_PROGRESS', 'COMPLETED', 17, 'Водитель завершил поездку', '2026-03-06 01:47:29'),
(67, 86, 'APPROVED', 'IN_PROGRESS', 17, 'Водитель прибыл и ожидает клиента', '2026-03-06 05:27:38'),
(68, 86, 'IN_PROGRESS', 'COMPLETED', 17, 'Водитель завершил поездку', '2026-03-06 08:33:38'),
(69, 87, 'APPROVED', 'IN_PROGRESS', 17, 'Водитель прибыл и ожидает клиента', '2026-03-06 08:38:39'),
(70, 87, 'IN_PROGRESS', 'COMPLETED', 17, 'Водитель завершил поездку', '2026-03-06 08:38:40'),
(71, 89, 'APPROVED', 'IN_PROGRESS', 17, 'Водитель прибыл и ожидает клиента', '2026-03-06 08:39:34'),
(72, 89, 'IN_PROGRESS', 'COMPLETED', 17, 'Водитель завершил поездку', '2026-03-07 03:09:37'),
(73, 91, 'APPROVED', 'IN_PROGRESS', 17, 'Водитель прибыл и ожидает клиента', '2026-03-10 05:05:31'),
(74, 91, 'IN_PROGRESS', 'COMPLETED', 17, 'Водитель завершил поездку', '2026-03-10 05:26:59'),
(75, 92, 'APPROVED', 'IN_PROGRESS', 17, 'Водитель прибыл и ожидает клиента', '2026-03-10 06:10:34'),
(76, 92, 'IN_PROGRESS', 'COMPLETED', 17, 'Водитель завершил поездку', '2026-03-10 11:32:32'),
(77, 95, 'APPROVED', 'IN_PROGRESS', 17, 'Водитель прибыл и ожидает клиента', '2026-03-13 09:32:57'),
(78, 95, 'IN_PROGRESS', 'COMPLETED', 17, 'Водитель завершил поездку', '2026-03-13 09:32:58'),
(79, 101, 'APPROVED', 'IN_PROGRESS', 17, 'Водитель прибыл и ожидает клиента', '2026-03-14 06:09:15'),
(80, 101, 'IN_PROGRESS', 'COMPLETED', 17, 'Водитель завершил поездку', '2026-03-14 12:40:05'),
(81, 103, 'APPROVED', 'IN_PROGRESS', 17, 'Водитель прибыл и ожидает клиента', '2026-03-16 04:21:29'),
(82, 103, 'IN_PROGRESS', 'COMPLETED', 17, 'Водитель завершил поездку', '2026-03-16 06:06:59'),
(83, 107, 'APPROVED', 'IN_PROGRESS', 17, 'Водитель прибыл и ожидает клиента', '2026-03-16 06:55:45'),
(84, 107, 'IN_PROGRESS', 'COMPLETED', 17, 'Водитель завершил поездку', '2026-03-16 12:12:21'),
(85, 113, 'APPROVED', 'IN_PROGRESS', 17, 'Водитель прибыл и ожидает клиента', '2026-03-26 08:37:31'),
(86, 113, 'IN_PROGRESS', 'COMPLETED', 17, 'Водитель завершил поездку', '2026-03-26 10:15:28'),
(87, 114, 'APPROVED', 'IN_PROGRESS', 17, 'Водитель прибыл и ожидает клиента', '2026-03-27 05:24:52'),
(88, 116, 'APPROVED', 'IN_PROGRESS', 17, 'Водитель прибыл и ожидает клиента', '2026-03-28 07:09:11'),
(89, 116, 'IN_PROGRESS', 'COMPLETED', 17, 'Водитель завершил поездку', '2026-03-28 07:09:15'),
(90, 117, 'APPROVED', 'IN_PROGRESS', 17, 'Водитель прибыл и ожидает клиента', '2026-03-30 08:50:24'),
(91, 117, 'IN_PROGRESS', 'COMPLETED', 17, 'Водитель завершил поездку', '2026-03-30 08:55:57'),
(92, 118, 'APPROVED', 'IN_PROGRESS', 17, 'Водитель прибыл и ожидает клиента', '2026-03-30 13:36:06'),
(93, 118, 'IN_PROGRESS', 'COMPLETED', 17, 'Водитель завершил поездку', '2026-03-30 13:36:07'),
(94, 119, 'APPROVED', 'IN_PROGRESS', 17, 'Водитель прибыл и ожидает клиента', '2026-03-31 06:47:00'),
(95, 119, 'IN_PROGRESS', 'COMPLETED', 17, 'Водитель завершил поездку', '2026-03-31 16:28:17'),
(96, 120, 'APPROVED', 'IN_PROGRESS', 17, 'Водитель прибыл и ожидает клиента', '2026-04-01 06:15:38'),
(97, 120, 'IN_PROGRESS', 'COMPLETED', 17, 'Водитель завершил поездку', '2026-04-02 00:14:33'),
(98, 124, 'APPROVED', 'IN_PROGRESS', 17, 'Водитель прибыл и ожидает клиента', '2026-04-02 06:01:39'),
(99, 124, 'IN_PROGRESS', 'COMPLETED', 17, 'Водитель завершил поездку', '2026-04-02 07:03:14'),
(100, 122, 'APPROVED', 'IN_PROGRESS', 17, 'Водитель прибыл и ожидает клиента', '2026-04-02 07:03:23'),
(101, 122, 'IN_PROGRESS', 'COMPLETED', 17, 'Водитель завершил поездку', '2026-04-02 16:01:07'),
(102, 125, 'APPROVED', 'IN_PROGRESS', 17, 'Водитель прибыл и ожидает клиента', '2026-04-03 06:56:51'),
(103, 125, 'IN_PROGRESS', 'COMPLETED', 17, 'Водитель завершил поездку', '2026-04-03 13:07:18'),
(104, 126, 'APPROVED', 'IN_PROGRESS', 17, 'Водитель прибыл и ожидает клиента', '2026-04-06 03:28:44'),
(105, 126, 'IN_PROGRESS', 'COMPLETED', 17, 'Водитель завершил поездку', '2026-04-06 06:11:33'),
(106, 127, 'APPROVED', 'IN_PROGRESS', 17, 'Водитель прибыл и ожидает клиента', '2026-04-06 06:11:47'),
(107, 127, 'IN_PROGRESS', 'COMPLETED', 17, 'Водитель завершил поездку', '2026-04-06 12:25:31'),
(108, 131, 'APPROVED', 'IN_PROGRESS', 17, 'Водитель прибыл и ожидает клиента', '2026-04-08 03:49:13'),
(109, 131, 'IN_PROGRESS', 'COMPLETED', 17, 'Водитель завершил поездку', '2026-04-08 08:54:05'),
(110, 132, 'APPROVED', 'IN_PROGRESS', 17, 'Водитель прибыл и ожидает клиента', '2026-04-08 08:54:07'),
(111, 132, 'IN_PROGRESS', 'COMPLETED', 17, 'Водитель завершил поездку', '2026-04-09 06:30:11'),
(112, 133, 'APPROVED', 'IN_PROGRESS', 17, 'Водитель прибыл и ожидает клиента', '2026-04-09 06:30:18'),
(113, 133, 'IN_PROGRESS', 'COMPLETED', 17, 'Водитель завершил поездку', '2026-04-09 10:42:26'),
(114, 134, 'APPROVED', 'IN_PROGRESS', 17, 'Водитель прибыл и ожидает клиента', '2026-04-14 04:42:25'),
(115, 134, 'IN_PROGRESS', 'COMPLETED', 17, 'Водитель завершил поездку', '2026-04-14 04:42:29'),
(116, 135, 'APPROVED', 'IN_PROGRESS', 17, 'Водитель прибыл и ожидает клиента', '2026-04-15 02:43:45'),
(117, 135, 'IN_PROGRESS', 'COMPLETED', 17, 'Водитель завершил поездку', '2026-04-15 02:43:48'),
(118, 136, 'APPROVED', 'IN_PROGRESS', 17, 'Водитель прибыл и ожидает клиента', '2026-04-15 07:45:19'),
(119, 136, 'IN_PROGRESS', 'COMPLETED', 17, 'Водитель завершил поездку', '2026-04-15 11:08:16'),
(120, 138, 'APPROVED', 'IN_PROGRESS', 17, 'Водитель прибыл и ожидает клиента', '2026-04-16 04:44:25'),
(121, 137, 'APPROVED', 'IN_PROGRESS', 17, 'Водитель прибыл и ожидает клиента', '2026-04-16 07:13:44'),
(122, 138, 'IN_PROGRESS', 'COMPLETED', 17, 'Водитель завершил поездку', '2026-04-16 07:13:47'),
(123, 137, 'IN_PROGRESS', 'COMPLETED', 17, 'Водитель завершил поездку', '2026-04-16 07:43:50'),
(124, 140, 'APPROVED', 'IN_PROGRESS', 17, 'Водитель прибыл и ожидает клиента', '2026-04-20 12:54:39'),
(125, 140, 'IN_PROGRESS', 'COMPLETED', 17, 'Водитель завершил поездку', '2026-04-20 12:54:42'),
(126, 141, 'APPROVED', 'IN_PROGRESS', 17, 'Водитель прибыл и ожидает клиента', '2026-04-21 05:08:00'),
(127, 141, 'IN_PROGRESS', 'COMPLETED', 17, 'Водитель завершил поездку', '2026-04-21 05:08:04'),
(128, 143, 'APPROVED', 'IN_PROGRESS', 17, 'Водитель прибыл и ожидает клиента', '2026-04-21 06:18:06'),
(129, 142, 'APPROVED', 'IN_PROGRESS', 17, 'Водитель прибыл и ожидает клиента', '2026-04-21 06:18:12'),
(130, 142, 'IN_PROGRESS', 'COMPLETED', 17, 'Водитель завершил поездку', '2026-04-21 06:18:16'),
(131, 143, 'IN_PROGRESS', 'COMPLETED', 17, 'Водитель завершил поездку', '2026-04-22 09:23:37'),
(132, 54, 'APPROVED', 'IN_PROGRESS', 17, 'Водитель прибыл и ожидает клиента', '2026-04-22 09:23:49'),
(133, 54, 'IN_PROGRESS', 'COMPLETED', 17, 'Водитель завершил поездку', '2026-04-22 09:23:54'),
(134, 111, 'NEW', 'IN_PROGRESS', 17, 'Водитель прибыл и ожидает клиента', '2026-04-22 09:24:22'),
(135, 111, 'IN_PROGRESS', 'COMPLETED', 17, 'Водитель завершил поездку', '2026-04-22 09:24:25'),
(136, 114, 'IN_PROGRESS', 'COMPLETED', 17, 'Водитель завершил поездку', '2026-04-22 09:24:26'),
(137, 128, 'APPROVED', 'IN_PROGRESS', 17, 'Водитель прибыл и ожидает клиента', '2026-04-22 09:24:28'),
(138, 128, 'IN_PROGRESS', 'COMPLETED', 17, 'Водитель завершил поездку', '2026-04-22 09:24:30'),
(139, 144, 'APPROVED', 'IN_PROGRESS', 17, 'Водитель прибыл и ожидает клиента', '2026-04-22 09:24:31'),
(140, 144, 'IN_PROGRESS', 'COMPLETED', 17, 'Водитель завершил поездку', '2026-04-22 09:24:37'),
(141, 145, 'APPROVED', 'IN_PROGRESS', 17, 'Водитель прибыл и ожидает клиента', '2026-04-22 09:24:39'),
(142, 145, 'IN_PROGRESS', 'COMPLETED', 17, 'Водитель завершил поездку', '2026-04-22 09:24:42'),
(143, 146, 'APPROVED', 'IN_PROGRESS', 17, 'Водитель прибыл и ожидает клиента', '2026-04-22 09:24:44'),
(144, 146, 'IN_PROGRESS', 'COMPLETED', 17, 'Водитель завершил поездку', '2026-04-22 09:24:46'),
(145, 147, 'APPROVED', 'IN_PROGRESS', 17, 'Водитель прибыл и ожидает клиента', '2026-04-23 07:39:35'),
(146, 147, 'IN_PROGRESS', 'COMPLETED', 17, 'Водитель завершил поездку', '2026-04-23 07:40:35'),
(147, 148, 'APPROVED', 'IN_PROGRESS', 17, 'Водитель прибыл и ожидает клиента', '2026-04-28 08:36:59'),
(148, 148, 'IN_PROGRESS', 'COMPLETED', 17, 'Водитель завершил поездку', '2026-04-28 08:37:16'),
(149, 151, 'APPROVED', 'IN_PROGRESS', 17, 'Водитель прибыл и ожидает клиента', '2026-04-28 08:37:23'),
(150, 151, 'IN_PROGRESS', 'COMPLETED', 17, 'Водитель завершил поездку', '2026-04-28 08:37:26'),
(153, 150, 'APPROVED', 'IN_PROGRESS', 17, 'Водитель прибыл и ожидает клиента', '2026-04-28 08:37:33'),
(154, 150, 'IN_PROGRESS', 'COMPLETED', 17, 'Водитель завершил поездку', '2026-04-28 08:37:35'),
(155, 161, 'APPROVED', 'IN_PROGRESS', 17, 'Водитель прибыл и ожидает клиента', '2026-05-04 03:49:49'),
(156, 161, 'IN_PROGRESS', 'COMPLETED', 17, 'Водитель завершил поездку', '2026-05-04 03:49:51'),
(157, 158, 'APPROVED', 'IN_PROGRESS', 17, 'Водитель прибыл и ожидает клиента', '2026-05-04 03:49:54'),
(158, 157, 'APPROVED', 'IN_PROGRESS', 17, 'Водитель прибыл и ожидает клиента', '2026-05-04 03:50:00'),
(159, 159, 'APPROVED', 'IN_PROGRESS', 17, 'Водитель прибыл и ожидает клиента', '2026-05-04 03:50:07'),
(160, 159, 'IN_PROGRESS', 'COMPLETED', 17, 'Водитель завершил поездку', '2026-05-04 03:50:09'),
(161, 162, 'APPROVED', 'IN_PROGRESS', 17, 'Водитель прибыл и ожидает клиента', '2026-05-04 06:55:04'),
(162, 162, 'IN_PROGRESS', 'COMPLETED', 17, 'Водитель завершил поездку', '2026-05-06 03:42:17'),
(163, 167, 'APPROVED', 'IN_PROGRESS', 17, 'Водитель прибыл и ожидает клиента', '2026-05-06 03:42:26'),
(164, 167, 'IN_PROGRESS', 'COMPLETED', 17, 'Водитель завершил поездку', '2026-05-06 09:46:09'),
(165, 172, 'APPROVED', 'IN_PROGRESS', 17, 'Водитель прибыл и ожидает клиента', '2026-05-12 04:38:59'),
(166, 174, 'APPROVED', 'IN_PROGRESS', 17, 'Водитель прибыл и ожидает клиента', '2026-05-13 03:29:55'),
(167, 173, 'APPROVED', 'IN_PROGRESS', 17, 'Водитель прибыл и ожидает клиента', '2026-05-13 03:30:02'),
(168, 172, 'IN_PROGRESS', 'COMPLETED', 17, 'Водитель завершил поездку', '2026-05-13 03:30:05'),
(169, 173, 'IN_PROGRESS', 'COMPLETED', 17, 'Водитель завершил поездку', '2026-05-13 03:30:07'),
(170, 171, 'APPROVED', 'IN_PROGRESS', 17, 'Водитель прибыл и ожидает клиента', '2026-05-13 03:30:10'),
(171, 171, 'IN_PROGRESS', 'COMPLETED', 17, 'Водитель завершил поездку', '2026-05-13 03:30:13'),
(172, 170, 'APPROVED', 'IN_PROGRESS', 17, 'Водитель прибыл и ожидает клиента', '2026-05-13 03:30:17'),
(173, 170, 'IN_PROGRESS', 'COMPLETED', 17, 'Водитель завершил поездку', '2026-05-13 03:30:18'),
(174, 166, 'APPROVED', 'IN_PROGRESS', 17, 'Водитель прибыл и ожидает клиента', '2026-05-13 03:30:20'),
(175, 166, 'IN_PROGRESS', 'COMPLETED', 17, 'Водитель завершил поездку', '2026-05-13 03:30:22'),
(176, 164, 'APPROVED', 'IN_PROGRESS', 17, 'Водитель прибыл и ожидает клиента', '2026-05-13 03:30:27'),
(177, 164, 'IN_PROGRESS', 'COMPLETED', 17, 'Водитель завершил поездку', '2026-05-13 03:30:30'),
(178, 184, 'APPROVED', 'IN_PROGRESS', 17, 'Водитель прибыл и ожидает клиента', '2026-05-19 05:40:44'),
(179, 183, 'APPROVED', 'IN_PROGRESS', 17, 'Водитель прибыл и ожидает клиента', '2026-05-19 05:40:58'),
(180, 183, 'IN_PROGRESS', 'COMPLETED', 17, 'Водитель завершил поездку', '2026-05-19 05:40:59'),
(181, 174, 'IN_PROGRESS', 'COMPLETED', 17, 'Водитель завершил поездку', '2026-05-19 05:41:22'),
(182, 181, 'APPROVED', 'IN_PROGRESS', 17, 'Водитель прибыл и ожидает клиента', '2026-05-19 05:41:26'),
(183, 181, 'IN_PROGRESS', 'COMPLETED', 17, 'Водитель завершил поездку', '2026-05-19 05:41:28'),
(184, 180, 'APPROVED', 'IN_PROGRESS', 17, 'Водитель прибыл и ожидает клиента', '2026-05-19 05:41:31'),
(185, 180, 'IN_PROGRESS', 'COMPLETED', 17, 'Водитель завершил поездку', '2026-05-19 05:41:33'),
(186, 178, 'APPROVED', 'IN_PROGRESS', 17, 'Водитель прибыл и ожидает клиента', '2026-05-19 05:42:10'),
(187, 178, 'IN_PROGRESS', 'COMPLETED', 17, 'Водитель завершил поездку', '2026-05-19 05:42:15'),
(188, 177, 'APPROVED', 'IN_PROGRESS', 17, 'Водитель прибыл и ожидает клиента', '2026-05-19 05:42:34'),
(189, 176, 'APPROVED', 'IN_PROGRESS', 17, 'Водитель прибыл и ожидает клиента', '2026-05-19 05:42:36'),
(190, 176, 'IN_PROGRESS', 'COMPLETED', 17, 'Водитель завершил поездку', '2026-05-19 05:42:39'),
(191, 175, 'APPROVED', 'IN_PROGRESS', 17, 'Водитель прибыл и ожидает клиента', '2026-05-19 05:42:44'),
(192, 175, 'IN_PROGRESS', 'COMPLETED', 17, 'Водитель завершил поездку', '2026-05-19 05:42:46'),
(193, 189, 'APPROVED', 'IN_PROGRESS', 17, 'Водитель прибыл и ожидает клиента', '2026-05-20 08:40:07'),
(194, 187, 'APPROVED', 'IN_PROGRESS', 17, 'Водитель прибыл и ожидает клиента', '2026-05-20 08:40:10'),
(195, 186, 'APPROVED', 'IN_PROGRESS', 17, 'Водитель прибыл и ожидает клиента', '2026-05-20 08:40:13'),
(196, 185, 'APPROVED', 'IN_PROGRESS', 17, 'Водитель прибыл и ожидает клиента', '2026-05-20 08:40:16'),
(197, 184, 'IN_PROGRESS', 'COMPLETED', 17, 'Водитель завершил поездку', '2026-05-20 08:40:19'),
(198, 177, 'IN_PROGRESS', 'COMPLETED', 17, 'Водитель завершил поездку', '2026-05-20 08:40:21'),
(199, 158, 'IN_PROGRESS', 'COMPLETED', 17, 'Водитель завершил поездку', '2026-05-20 08:40:24'),
(200, 185, 'IN_PROGRESS', 'COMPLETED', 17, 'Водитель завершил поездку', '2026-05-20 08:40:31'),
(201, 186, 'IN_PROGRESS', 'COMPLETED', 17, 'Водитель завершил поездку', '2026-05-20 08:40:34'),
(202, 187, 'IN_PROGRESS', 'COMPLETED', 17, 'Водитель завершил поездку', '2026-05-20 08:40:35'),
(203, 189, 'IN_PROGRESS', 'COMPLETED', 17, 'Водитель завершил поездку', '2026-05-21 04:00:42'),
(204, 190, 'APPROVED', 'IN_PROGRESS', 17, 'Водитель прибыл и ожидает клиента', '2026-05-21 04:00:45'),
(205, 192, 'APPROVED', 'IN_PROGRESS', 17, 'Водитель прибыл и ожидает клиента', '2026-05-22 13:24:34'),
(206, 191, 'APPROVED', 'IN_PROGRESS', 17, 'Водитель прибыл и ожидает клиента', '2026-05-22 13:24:38'),
(207, 191, 'IN_PROGRESS', 'COMPLETED', 17, 'Водитель завершил поездку', '2026-05-22 13:24:40'),
(208, 190, 'IN_PROGRESS', 'COMPLETED', 17, 'Водитель завершил поездку', '2026-05-22 13:24:53'),
(209, 192, 'IN_PROGRESS', 'COMPLETED', 17, 'Водитель завершил поездку', '2026-05-22 13:24:58'),
(210, 194, 'APPROVED', 'IN_PROGRESS', 17, 'Водитель прибыл и ожидает клиента', '2026-05-28 13:33:25'),
(211, 194, 'IN_PROGRESS', 'COMPLETED', 17, 'Водитель завершил поездку', '2026-05-28 13:33:47'),
(212, 195, 'APPROVED', 'IN_PROGRESS', 17, 'Водитель прибыл и ожидает клиента', '2026-05-29 04:43:09'),
(213, 195, 'IN_PROGRESS', 'COMPLETED', 17, 'Водитель завершил поездку', '2026-05-29 04:43:13'),
(214, 196, 'APPROVED', 'IN_PROGRESS', 17, 'Водитель прибыл и ожидает клиента', '2026-05-29 04:43:16'),
(215, 196, 'IN_PROGRESS', 'COMPLETED', 17, 'Водитель завершил поездку', '2026-05-30 06:46:02'),
(216, 198, 'APPROVED', 'IN_PROGRESS', 17, 'Водитель прибыл и ожидает клиента', '2026-05-30 06:46:05'),
(217, 198, 'IN_PROGRESS', 'COMPLETED', 17, 'Водитель завершил поездку', '2026-05-30 06:46:07'),
(218, 193, 'APPROVED', 'IN_PROGRESS', 17, 'Водитель прибыл и ожидает клиента', '2026-05-30 06:46:18'),
(219, 193, 'IN_PROGRESS', 'COMPLETED', 17, 'Водитель завершил поездку', '2026-05-30 06:46:19'),
(220, 157, 'IN_PROGRESS', 'COMPLETED', 17, 'Водитель завершил поездку', '2026-06-02 03:08:31'),
(221, 202, 'APPROVED', 'IN_PROGRESS', 17, 'Водитель прибыл и ожидает клиента', '2026-06-02 03:08:34'),
(222, 201, 'APPROVED', 'IN_PROGRESS', 17, 'Водитель прибыл и ожидает клиента', '2026-06-02 03:08:39'),
(223, 201, 'IN_PROGRESS', 'COMPLETED', 17, 'Водитель завершил поездку', '2026-06-02 03:08:41');

-- --------------------------------------------------------

--
-- Table structure for table `cache`
--

CREATE TABLE `cache` (
  `key` varchar(255) COLLATE utf8mb4_unicode_ci NOT NULL,
  `value` mediumtext COLLATE utf8mb4_unicode_ci NOT NULL,
  `expiration` int(11) NOT NULL
) ENGINE=InnoDB DEFAULT CHARSET=utf8mb4 COLLATE=utf8mb4_unicode_ci;

-- --------------------------------------------------------

--
-- Table structure for table `cache_locks`
--

CREATE TABLE `cache_locks` (
  `key` varchar(255) COLLATE utf8mb4_unicode_ci NOT NULL,
  `owner` varchar(255) COLLATE utf8mb4_unicode_ci NOT NULL,
  `expiration` int(11) NOT NULL
) ENGINE=InnoDB DEFAULT CHARSET=utf8mb4 COLLATE=utf8mb4_unicode_ci;

-- --------------------------------------------------------

--
-- Table structure for table `cars`
--

CREATE TABLE `cars` (
  `id` bigint(20) UNSIGNED NOT NULL,
  `model` varchar(255) COLLATE utf8mb4_unicode_ci NOT NULL,
  `license_plate` varchar(64) COLLATE utf8mb4_unicode_ci NOT NULL,
  `description` text COLLATE utf8mb4_unicode_ci,
  `status` enum('ACTIVE','MAINTENANCE','ARCHIVED') COLLATE utf8mb4_unicode_ci NOT NULL DEFAULT 'ACTIVE',
  `color_hex` varchar(16) COLLATE utf8mb4_unicode_ci DEFAULT NULL,
  `default_driver_id` bigint(20) UNSIGNED DEFAULT NULL,
  `created_at` timestamp NULL DEFAULT NULL,
  `updated_at` timestamp NULL DEFAULT NULL
) ENGINE=InnoDB DEFAULT CHARSET=utf8mb4 COLLATE=utf8mb4_unicode_ci;

--
-- Dumping data for table `cars`
--

INSERT INTO `cars` (`id`, `model`, `license_plate`, `description`, `status`, `color_hex`, `default_driver_id`, `created_at`, `updated_at`) VALUES
(4, 'BYD Chazor', '024GC01', NULL, 'ACTIVE', 'Серый', 17, '2026-02-09 14:03:18', '2026-02-09 14:09:26'),
(5, 'BYD DENZA', '021AX01', NULL, 'ACTIVE', 'Черный', NULL, '2026-02-09 14:16:13', '2026-02-09 14:16:13'),
(6, 'Toyota camry', '399AX01', NULL, 'MAINTENANCE', 'Черный', NULL, '2026-02-17 06:17:41', '2026-02-18 15:02:19');

-- --------------------------------------------------------

--
-- Table structure for table `departments`
--

CREATE TABLE `departments` (
  `id` bigint(20) UNSIGNED NOT NULL,
  `short_name` varchar(50) COLLATE utf8mb4_unicode_ci NOT NULL,
  `full_name` varchar(255) COLLATE utf8mb4_unicode_ci NOT NULL,
  `is_active` tinyint(1) NOT NULL DEFAULT '1',
  `created_at` timestamp NULL DEFAULT NULL,
  `updated_at` timestamp NULL DEFAULT NULL
) ENGINE=InnoDB DEFAULT CHARSET=utf8mb4 COLLATE=utf8mb4_unicode_ci;

--
-- Dumping data for table `departments`
--

INSERT INTO `departments` (`id`, `short_name`, `full_name`, `is_active`, `created_at`, `updated_at`) VALUES
(4, 'АХД', 'Административный хозяйственный департамент', 1, '2026-02-09 14:06:20', '2026-02-09 14:06:20'),
(5, 'ФЭД', 'Финансовый экономический департамент', 1, '2026-02-09 14:15:56', '2026-02-09 14:15:56'),
(6, 'ДЗЛ', 'Департамент по закупам и логистике', 1, '2026-02-10 05:23:18', '2026-02-10 05:23:18'),
(7, 'БЮД', 'Бухгалтерский и юридический департамент', 1, '2026-02-10 05:25:13', '2026-02-10 05:25:13'),
(8, 'ДФП', 'Департамент Фармацевтической Промоции', 1, '2026-02-20 12:58:03', '2026-02-20 12:58:03'),
(9, 'ДЧР', 'Департамент Человеческих Ресурсов', 1, '2026-02-20 12:59:29', '2026-02-20 12:59:29'),
(10, 'ДИТ', 'Департамент Информационных Технологий', 1, '2026-02-20 13:00:33', '2026-02-20 13:00:33'),
(11, 'ДП', 'Департамент Продаж', 1, '2026-02-20 13:01:03', '2026-02-20 13:01:03');

-- --------------------------------------------------------

--
-- Table structure for table `failed_jobs`
--

CREATE TABLE `failed_jobs` (
  `id` bigint(20) UNSIGNED NOT NULL,
  `uuid` varchar(255) COLLATE utf8mb4_unicode_ci NOT NULL,
  `connection` text COLLATE utf8mb4_unicode_ci NOT NULL,
  `queue` text COLLATE utf8mb4_unicode_ci NOT NULL,
  `payload` longtext COLLATE utf8mb4_unicode_ci NOT NULL,
  `exception` longtext COLLATE utf8mb4_unicode_ci NOT NULL,
  `failed_at` timestamp NOT NULL DEFAULT CURRENT_TIMESTAMP
) ENGINE=InnoDB DEFAULT CHARSET=utf8mb4 COLLATE=utf8mb4_unicode_ci;

-- --------------------------------------------------------

--
-- Table structure for table `force_blocks`
--

CREATE TABLE `force_blocks` (
  `id` bigint(20) UNSIGNED NOT NULL,
  `car_id` bigint(20) UNSIGNED NOT NULL,
  `start_time` datetime NOT NULL,
  `end_time` datetime NOT NULL,
  `reason` varchar(255) COLLATE utf8mb4_unicode_ci NOT NULL,
  `created_by` bigint(20) UNSIGNED NOT NULL,
  `created_at` timestamp NULL DEFAULT NULL,
  `updated_at` timestamp NULL DEFAULT NULL
) ENGINE=InnoDB DEFAULT CHARSET=utf8mb4 COLLATE=utf8mb4_unicode_ci;

--
-- Dumping data for table `force_blocks`
--

INSERT INTO `force_blocks` (`id`, `car_id`, `start_time`, `end_time`, `reason`, `created_by`, `created_at`, `updated_at`) VALUES
(1, 4, '2026-02-28 12:00:00', '2026-02-28 13:50:00', 'ТО', 17, '2026-02-28 08:02:37', '2026-02-28 08:02:37'),
(2, 4, '2026-03-01 08:30:00', '2026-03-01 20:00:00', 'test', 17, '2026-02-28 08:29:39', '2026-02-28 08:29:39'),
(3, 4, '2026-03-01 10:00:00', '2026-03-01 20:00:00', 'testing', 17, '2026-02-28 10:41:27', '2026-02-28 10:41:27'),
(4, 4, '2026-03-02 14:20:00', '2026-03-02 16:00:00', 'Занято', 17, '2026-03-02 07:28:42', '2026-03-02 07:28:42'),
(5, 4, '2026-03-13 13:00:00', '2026-03-13 16:30:00', 'Занято', 17, '2026-03-13 10:47:59', '2026-03-13 10:47:59'),
(6, 4, '2026-03-13 13:00:00', '2026-03-13 16:20:00', 'На рейсе', 17, '2026-03-13 10:52:15', '2026-03-13 10:52:15'),
(7, 4, '2026-03-13 14:00:00', '2026-03-13 16:20:00', 'Занято', 17, '2026-03-13 10:59:06', '2026-03-13 10:59:06'),
(8, 5, '2026-03-15 14:00:00', '2026-03-15 16:00:00', 'ghfghfhgfhg', 17, '2026-03-14 10:47:42', '2026-03-14 10:47:42'),
(9, 4, '2026-03-17 10:00:00', '2026-03-17 22:00:00', 'testing', 17, '2026-03-16 07:52:34', '2026-03-16 07:52:34'),
(10, 6, '2026-03-17 16:00:00', '2026-03-17 17:00:00', 'Тест', 17, '2026-03-16 13:53:22', '2026-03-16 13:53:22'),
(11, 4, '2026-03-18 14:00:00', '2026-03-18 16:00:00', 'Занято', 17, '2026-03-18 05:03:29', '2026-03-18 05:03:29'),
(12, 5, '2026-04-16 16:00:00', '2026-04-18 08:00:00', 'Водитель занят с гостями', 18, '2026-04-16 06:45:20', '2026-04-16 06:45:20');

-- --------------------------------------------------------

--
-- Table structure for table `jobs`
--

CREATE TABLE `jobs` (
  `id` bigint(20) UNSIGNED NOT NULL,
  `queue` varchar(255) COLLATE utf8mb4_unicode_ci NOT NULL,
  `payload` longtext COLLATE utf8mb4_unicode_ci NOT NULL,
  `attempts` tinyint(3) UNSIGNED NOT NULL,
  `reserved_at` int(10) UNSIGNED DEFAULT NULL,
  `available_at` int(10) UNSIGNED NOT NULL,
  `created_at` int(10) UNSIGNED NOT NULL
) ENGINE=InnoDB DEFAULT CHARSET=utf8mb4 COLLATE=utf8mb4_unicode_ci;

-- --------------------------------------------------------

--
-- Table structure for table `job_batches`
--

CREATE TABLE `job_batches` (
  `id` varchar(255) COLLATE utf8mb4_unicode_ci NOT NULL,
  `name` varchar(255) COLLATE utf8mb4_unicode_ci NOT NULL,
  `total_jobs` int(11) NOT NULL,
  `pending_jobs` int(11) NOT NULL,
  `failed_jobs` int(11) NOT NULL,
  `failed_job_ids` longtext COLLATE utf8mb4_unicode_ci NOT NULL,
  `options` mediumtext COLLATE utf8mb4_unicode_ci,
  `cancelled_at` int(11) DEFAULT NULL,
  `created_at` int(11) NOT NULL,
  `finished_at` int(11) DEFAULT NULL
) ENGINE=InnoDB DEFAULT CHARSET=utf8mb4 COLLATE=utf8mb4_unicode_ci;

-- --------------------------------------------------------

--
-- Table structure for table `migrations`
--

CREATE TABLE `migrations` (
  `id` int(10) UNSIGNED NOT NULL,
  `migration` varchar(255) COLLATE utf8mb4_unicode_ci NOT NULL,
  `batch` int(11) NOT NULL
) ENGINE=InnoDB DEFAULT CHARSET=utf8mb4 COLLATE=utf8mb4_unicode_ci;

--
-- Dumping data for table `migrations`
--

INSERT INTO `migrations` (`id`, `migration`, `batch`) VALUES
(1, '0001_01_01_000000_create_users_table', 1),
(2, '0001_01_01_000001_create_cache_table', 1),
(3, '0001_01_01_000002_create_jobs_table', 1),
(4, '0001_01_01_000003_create_cars_table', 1),
(5, '0001_01_01_000004_create_request_types_table', 1),
(6, '0001_01_01_000005_create_bookings_table', 1),
(7, '0001_01_01_000006_create_booking_status_history_table', 1),
(8, '0001_01_01_000007_create_force_blocks_table', 1),
(9, '2026_01_28_000001_create_departments_table', 2),
(10, '2026_01_28_000002_create_positions_table', 2),
(11, '2026_01_28_000003_add_department_position_to_bookings', 2),
(12, '2026_01_28_130140_add_additional_fields_to_bookings_table', 2),
(13, '2026_03_16_143038_create_recurring_blocks_table', 3);

-- --------------------------------------------------------

--
-- Table structure for table `password_reset_tokens`
--

CREATE TABLE `password_reset_tokens` (
  `email` varchar(255) COLLATE utf8mb4_unicode_ci NOT NULL,
  `token` varchar(255) COLLATE utf8mb4_unicode_ci NOT NULL,
  `created_at` timestamp NULL DEFAULT NULL
) ENGINE=InnoDB DEFAULT CHARSET=utf8mb4 COLLATE=utf8mb4_unicode_ci;

-- --------------------------------------------------------

--
-- Table structure for table `positions`
--

CREATE TABLE `positions` (
  `id` bigint(20) UNSIGNED NOT NULL,
  `title` varchar(255) COLLATE utf8mb4_unicode_ci NOT NULL,
  `is_active` tinyint(1) NOT NULL DEFAULT '1',
  `created_at` timestamp NULL DEFAULT NULL,
  `updated_at` timestamp NULL DEFAULT NULL
) ENGINE=InnoDB DEFAULT CHARSET=utf8mb4 COLLATE=utf8mb4_unicode_ci;

--
-- Dumping data for table `positions`
--

INSERT INTO `positions` (`id`, `title`, `is_active`, `created_at`, `updated_at`) VALUES
(9, 'Руководитель департамента', 1, '2026-02-09 14:08:12', '2026-02-09 14:08:12'),
(10, 'Руководитель отдела', 1, '2026-02-09 14:08:21', '2026-02-09 14:08:21'),
(11, 'Главный специалист', 1, '2026-02-09 14:08:32', '2026-02-09 14:08:32'),
(12, 'Ведущий специалист', 1, '2026-02-09 14:08:40', '2026-02-09 14:08:40');

-- --------------------------------------------------------

--
-- Table structure for table `recurring_blocks`
--

CREATE TABLE `recurring_blocks` (
  `id` bigint(20) UNSIGNED NOT NULL,
  `car_id` bigint(20) UNSIGNED NOT NULL,
  `start_time` time NOT NULL,
  `end_time` time NOT NULL,
  `days_of_week` json NOT NULL,
  `reason` varchar(255) COLLATE utf8mb4_unicode_ci DEFAULT NULL,
  `created_by` bigint(20) UNSIGNED NOT NULL,
  `created_at` timestamp NULL DEFAULT NULL,
  `updated_at` timestamp NULL DEFAULT NULL
) ENGINE=InnoDB DEFAULT CHARSET=utf8mb4 COLLATE=utf8mb4_unicode_ci;

--
-- Dumping data for table `recurring_blocks`
--

INSERT INTO `recurring_blocks` (`id`, `car_id`, `start_time`, `end_time`, `days_of_week`, `reason`, `created_by`, `created_at`, `updated_at`) VALUES
(14, 4, '14:00:00', '16:00:00', '[1, 2, 3, 4, 5, 6]', NULL, 17, '2026-03-18 05:03:56', '2026-03-18 05:03:56');

-- --------------------------------------------------------

--
-- Table structure for table `request_types`
--

CREATE TABLE `request_types` (
  `id` bigint(20) UNSIGNED NOT NULL,
  `title` varchar(255) COLLATE utf8mb4_unicode_ci NOT NULL,
  `priority` int(11) NOT NULL,
  `car_id` bigint(20) UNSIGNED NOT NULL,
  `is_active` tinyint(1) NOT NULL DEFAULT '1',
  `created_at` timestamp NULL DEFAULT NULL,
  `updated_at` timestamp NULL DEFAULT NULL
) ENGINE=InnoDB DEFAULT CHARSET=utf8mb4 COLLATE=utf8mb4_unicode_ci;

--
-- Dumping data for table `request_types`
--

INSERT INTO `request_types` (`id`, `title`, `priority`, `car_id`, `is_active`, `created_at`, `updated_at`) VALUES
(4, 'Рабочая поездка', 1, 4, 1, '2026-02-09 14:04:02', '2026-02-17 06:19:01'),
(5, 'Представительский Минивэн', 1, 5, 1, '2026-02-17 06:12:08', '2026-02-17 06:12:08'),
(6, 'Служебная машина для Сот Зарубеж', 1, 6, 1, '2026-02-17 06:15:05', '2026-02-17 06:17:55');

-- --------------------------------------------------------

--
-- Table structure for table `sessions`
--

CREATE TABLE `sessions` (
  `id` varchar(255) COLLATE utf8mb4_unicode_ci NOT NULL,
  `user_id` bigint(20) UNSIGNED DEFAULT NULL,
  `ip_address` varchar(45) COLLATE utf8mb4_unicode_ci DEFAULT NULL,
  `user_agent` text COLLATE utf8mb4_unicode_ci,
  `payload` longtext COLLATE utf8mb4_unicode_ci NOT NULL,
  `last_activity` int(11) NOT NULL
) ENGINE=InnoDB DEFAULT CHARSET=utf8mb4 COLLATE=utf8mb4_unicode_ci;

--
-- Dumping data for table `sessions`
--

INSERT INTO `sessions` (`id`, `user_id`, `ip_address`, `user_agent`, `payload`, `last_activity`) VALUES
('1y9TCxPPXAUGloWvcT1vuwVVXBK8WR2joctDHwqa', NULL, '195.178.110.31', 'Mozilla/5.0 (Windows NT 10.0; Win64; x64) AppleWebKit/537.36', 'YTozOntzOjY6Il90b2tlbiI7czo0MDoia3E2a1FJZmZRVTBRV24wUVRnVlFieUJ6RW1EckpGVXY4dmE0Q2JERiI7czo5OiJfcHJldmlvdXMiO2E6Mjp7czozOiJ1cmwiO3M6Mjk6Imh0dHBzOi8vd3d3LndlYi5vdXItYnJhbmRzLnJ1IjtzOjU6InJvdXRlIjtOO31zOjY6Il9mbGFzaCI7YToyOntzOjM6Im9sZCI7YTowOnt9czozOiJuZXciO2E6MDp7fX19', 1780447921),
('4rHgBxxh3A2n7MzyBQ8CiG8R3kRcQ26kIf3gg162', NULL, '36.83.125.217', 'Mozilla/5.0 (Windows NT 10.0; Win64; x64) AppleWebKit/537.36 (KHTML, like Gecko) Chrome/58.0.3029.110 Safari/537.3', 'YTozOntzOjY6Il90b2tlbiI7czo0MDoiNEhteEI2NGZyOFhEZzVoSTQ1SDJtMHE1Zm9kT045Z0h0RVQ3ZE1KNiI7czo5OiJfcHJldmlvdXMiO2E6Mjp7czozOiJ1cmwiO3M6MjQ6Imh0dHA6Ly93ZWIub3VyLWJyYW5kcy5ydSI7czo1OiJyb3V0ZSI7Tjt9czo2OiJfZmxhc2giO2E6Mjp7czozOiJvbGQiO2E6MDp7fXM6MzoibmV3IjthOjA6e319fQ==', 1780474059),
('4WOKX9mVspvq2wthVHCNRMJkyNeleDSvXhd4SDsn', NULL, '45.94.31.32', 'Mozilla/5.0 (Windows NT 10.0; Win64; x64) AppleWebKit/537.36 (KHTML, like Gecko) Chrome/78.0.3904.108 Safari/537.36', 'YTozOntzOjY6Il90b2tlbiI7czo0MDoiektBeTI4WDBwbmltMTVLcElkZHBCZDdjdmJxUzdlU3FaUmRyVVl1RSI7czo5OiJfcHJldmlvdXMiO2E6Mjp7czozOiJ1cmwiO3M6MjQ6Imh0dHA6Ly93ZWIub3VyLWJyYW5kcy5ydSI7czo1OiJyb3V0ZSI7Tjt9czo2OiJfZmxhc2giO2E6Mjp7czozOiJvbGQiO2E6MDp7fXM6MzoibmV3IjthOjA6e319fQ==', 1780449998),
('7LrJIFooLIXj8uBqmuGoBPXlXnSJtrke1T5nUmgL', NULL, '45.92.85.252', 'Mozilla/5.0 (Windows NT 10.0; Win64; x64) AppleWebKit/537.36 (KHTML, like Gecko) Chrome/94.0.4606.61 Safari/537.36', 'YTozOntzOjY6Il90b2tlbiI7czo0MDoidnhnVGxxd2lncjVWUmd3SGV6TmtMY3lKTE5LV2p1bFR2QlY4bHplTiI7czo5OiJfcHJldmlvdXMiO2E6Mjp7czozOiJ1cmwiO3M6Mjg6Imh0dHA6Ly93d3cud2ViLm91ci1icmFuZHMucnUiO3M6NToicm91dGUiO047fXM6NjoiX2ZsYXNoIjthOjI6e3M6Mzoib2xkIjthOjA6e31zOjM6Im5ldyI7YTowOnt9fX0=', 1780434341),
('9qKsJ68zAdfpJPCOsLpPuGOhl6KYimiSqxf3l4Pi', NULL, '109.107.186.106', 'Mozilla/5.0 (Macintosh; Intel Mac OS X 10.12; rv:47.0) Gecko/20100101 Firefox/47.0', 'YTozOntzOjY6Il90b2tlbiI7czo0MDoibzZxZWhjS3dyV0V3c0dmMU5BS3d3MGQxWXB4WlBNQ29rdmV2aVRnNSI7czo5OiJfcHJldmlvdXMiO2E6Mjp7czozOiJ1cmwiO3M6MjQ6Imh0dHA6Ly93ZWIub3VyLWJyYW5kcy5ydSI7czo1OiJyb3V0ZSI7Tjt9czo2OiJfZmxhc2giO2E6Mjp7czozOiJvbGQiO2E6MDp7fXM6MzoibmV3IjthOjA6e319fQ==', 1780404339),
('AFFJeTa5AxsAWutH0ZXKOehgNeaLKO04EH26xXlJ', NULL, '217.11.180.165', 'Mozilla/5.0 (Windows NT 10.0; Win64; x64) AppleWebKit/537.36 (KHTML, like Gecko) Chrome/148.0.0.0 Safari/537.36 Edg/148.0.0.0', 'YTozOntzOjY6Il90b2tlbiI7czo0MDoibkJ1NkNMOE1UaUl2dnFaRVp4REpWTFpLbWpLUmZqVzVaUzhjZ2duRCI7czo5OiJfcHJldmlvdXMiO2E6Mjp7czozOiJ1cmwiO3M6MzM6Imh0dHBzOi8vd2ViLm91ci1icmFuZHMucnUvYm9va2luZyI7czo1OiJyb3V0ZSI7Tjt9czo2OiJfZmxhc2giO2E6Mjp7czozOiJvbGQiO2E6MDp7fXM6MzoibmV3IjthOjA6e319fQ==', 1780472529),
('AQFi370X6VenldZpGYX3AiJxhff65DCIHrPnamkx', NULL, '165.245.225.23', 'Mozilla/5.0 (X11; Linux x86_64; rv:142.0) Gecko/20100101 Firefox/142.0', 'YTozOntzOjY6Il90b2tlbiI7czo0MDoieGtUYlBjWjdYZ2l1VDIzN1hEWmljRFJpNUVqdnpmZW5IeGlSRlBibyI7czo5OiJfcHJldmlvdXMiO2E6Mjp7czozOiJ1cmwiO3M6Mjg6Imh0dHA6Ly93d3cud2ViLm91ci1icmFuZHMucnUiO3M6NToicm91dGUiO047fXM6NjoiX2ZsYXNoIjthOjI6e3M6Mzoib2xkIjthOjA6e31zOjM6Im5ldyI7YTowOnt9fX0=', 1780430620),
('At532ugpyHj42m9DUX9QoMlcXdfADIlXb7EILrwX', NULL, '45.92.86.194', 'Mozilla/5.0 (Windows NT 10.0; Win64; x64) AppleWebKit/537.36 (KHTML, like Gecko) Chrome/94.0.4606.61 Safari/537.36', 'YTozOntzOjY6Il90b2tlbiI7czo0MDoiODNCR21xSXRjcnc5NGljS09LVks0YzVXZlIxUWtFeE9UalgyZWc3WiI7czo5OiJfcHJldmlvdXMiO2E6Mjp7czozOiJ1cmwiO3M6Mjg6Imh0dHA6Ly93d3cud2ViLm91ci1icmFuZHMucnUiO3M6NToicm91dGUiO047fXM6NjoiX2ZsYXNoIjthOjI6e3M6Mzoib2xkIjthOjA6e31zOjM6Im5ldyI7YTowOnt9fX0=', 1780420097),
('AXHZzy00pp0Y8QqwQunYi0ZJia3s0fw4Qzpfn334', NULL, '3.216.193.107', 'Mozilla/5.0 (Windows NT 10.0; Win64; x64) AppleWebKit/537.36 (KHTML, like Gecko) Chrome/135.0.0.0 Safari/537.36', 'YTozOntzOjY6Il90b2tlbiI7czo0MDoiVUhwclMwTGlBcFdtMTBRbDFQSkp6Q2J4VlVTUzVjZ09nQ2RBc0dPeCI7czo5OiJfcHJldmlvdXMiO2E6Mjp7czozOiJ1cmwiO3M6MzA6Imh0dHA6Ly93d3cuYWRtaW4ub3VyLWJyYW5kcy5ydSI7czo1OiJyb3V0ZSI7Tjt9czo2OiJfZmxhc2giO2E6Mjp7czozOiJvbGQiO2E6MDp7fXM6MzoibmV3IjthOjA6e319fQ==', 1780453622),
('bhGUCnT91rBlfeVwUVam8vGfGYDwk1n4kpg6OOK1', NULL, '36.83.125.217', 'Mozilla/5.0 (Windows NT 10.0; Win64; x64) AppleWebKit/537.36 (KHTML, like Gecko) Chrome/58.0.3029.110 Safari/537.3', 'YTozOntzOjY6Il90b2tlbiI7czo0MDoiMTdiSjlGNWdZejhsMkJOOU1LWnFCTUpHV1ppMG4wSnFoQUY3VmhYWCI7czo5OiJfcHJldmlvdXMiO2E6Mjp7czozOiJ1cmwiO3M6MjQ6Imh0dHA6Ly93ZWIub3VyLWJyYW5kcy5ydSI7czo1OiJyb3V0ZSI7Tjt9czo2OiJfZmxhc2giO2E6Mjp7czozOiJvbGQiO2E6MDp7fXM6MzoibmV3IjthOjA6e319fQ==', 1780474071),
('c43M7RQUhJ1aqaK85WF53us2RgQ8ICQnFeos2Flm', NULL, '34.145.204.64', 'Mozilla/5.0 (compatible; CMS-Checker/1.0; +https://example.com)', 'YTozOntzOjY6Il90b2tlbiI7czo0MDoiWTFDRXNSM3lLcWtWVmlQTDJQSkN6c3hwOXU5enVOd3Zlemg4T0paUSI7czo5OiJfcHJldmlvdXMiO2E6Mjp7czozOiJ1cmwiO3M6Mjg6Imh0dHA6Ly93d3cud2ViLm91ci1icmFuZHMucnUiO3M6NToicm91dGUiO047fXM6NjoiX2ZsYXNoIjthOjI6e3M6Mzoib2xkIjthOjA6e31zOjM6Im5ldyI7YTowOnt9fX0=', 1780406380),
('cDKdtjjmOGWi4DUJCwnsZOtZM1R0Y5mzPx6A3v5U', NULL, '34.13.219.247', 'Mozilla/5.0 (compatible; CMS-Checker/1.0; +https://example.com)', 'YTozOntzOjY6Il90b2tlbiI7czo0MDoiOVZNSWxQV0lQVXY2RU53SjhPSEo5TFZPSzZsT29qZkh1SkNzYVk1aCI7czo5OiJfcHJldmlvdXMiO2E6Mjp7czozOiJ1cmwiO3M6Mjg6Imh0dHA6Ly93d3cud2ViLm91ci1icmFuZHMucnUiO3M6NToicm91dGUiO047fXM6NjoiX2ZsYXNoIjthOjI6e3M6Mzoib2xkIjthOjA6e31zOjM6Im5ldyI7YTowOnt9fX0=', 1780403570),
('cRR0HdrEwhNCgdyPkywun0kpT1hzbOUyjqWERXNZ', NULL, '34.31.208.192', 'Mozilla/5.0 (compatible; CMS-Checker/1.0; +https://example.com)', 'YTozOntzOjY6Il90b2tlbiI7czo0MDoid2ExOVhWdzZ6ZjlzRjVOb0NNMHJKcmx3NmpzOUtZY0VWYTl6WW9ZdyI7czo5OiJfcHJldmlvdXMiO2E6Mjp7czozOiJ1cmwiO3M6MjQ6Imh0dHA6Ly93ZWIub3VyLWJyYW5kcy5ydSI7czo1OiJyb3V0ZSI7Tjt9czo2OiJfZmxhc2giO2E6Mjp7czozOiJvbGQiO2E6MDp7fXM6MzoibmV3IjthOjA6e319fQ==', 1780418682),
('cXnKs64k6c9AtShXKJaJhEd7TLKpeVzSoisCKq9V', NULL, '45.92.87.114', 'Mozilla/5.0 (Windows NT 10.0; Win64; x64) AppleWebKit/537.36 (KHTML, like Gecko) Chrome/94.0.4606.61 Safari/537.36', 'YTozOntzOjY6Il90b2tlbiI7czo0MDoiejE5RVc3bElkdXdJVWFlc2kySW9tTXlqSEt2Znp4dldjZHNValEySSI7czo5OiJfcHJldmlvdXMiO2E6Mjp7czozOiJ1cmwiO3M6MjQ6Imh0dHA6Ly93ZWIub3VyLWJyYW5kcy5ydSI7czo1OiJyb3V0ZSI7Tjt9czo2OiJfZmxhc2giO2E6Mjp7czozOiJvbGQiO2E6MDp7fXM6MzoibmV3IjthOjA6e319fQ==', 1780405536),
('eaGZxq0Rffrrn6hPiDtZHakcGIYMM3WYWqDRlEwb', NULL, '2602:80d:1007::3d', 'Mozilla/5.0 (compatible; CensysInspect/1.1; +https://about.censys.io/)', 'YTozOntzOjY6Il90b2tlbiI7czo0MDoiUEVCRkE0RHozS3hmNTcxdWhUWlRBT3RsWUhPRURYclplMDdJUHFIciI7czo5OiJfcHJldmlvdXMiO2E6Mjp7czozOiJ1cmwiO3M6MzE6Imh0dHBzOi8vd3d3LmFkbWluLm91ci1icmFuZHMucnUiO3M6NToicm91dGUiO047fXM6NjoiX2ZsYXNoIjthOjI6e3M6Mzoib2xkIjthOjA6e31zOjM6Im5ldyI7YTowOnt9fX0=', 1780467546),
('EtdSanlEnWPUa5MuUHsfglGduqzzEyJPCvW5I5wz', NULL, '45.92.85.36', 'Mozilla/5.0 (Windows NT 10.0; Win64; x64) AppleWebKit/537.36 (KHTML, like Gecko) Chrome/94.0.4606.61 Safari/537.36', 'YTozOntzOjY6Il90b2tlbiI7czo0MDoiMVRmVUlJVnp4b0dLY1FvVkU0SDdpNXBsS2wxSkh2WVZ4blNNT21GMCI7czo5OiJfcHJldmlvdXMiO2E6Mjp7czozOiJ1cmwiO3M6Mjg6Imh0dHA6Ly93d3cud2ViLm91ci1icmFuZHMucnUiO3M6NToicm91dGUiO047fXM6NjoiX2ZsYXNoIjthOjI6e3M6Mzoib2xkIjthOjA6e31zOjM6Im5ldyI7YTowOnt9fX0=', 1780405711),
('f4L9JmnlNuYnaNKZgMg4IzwiIDoDyYzL2NiIopWF', NULL, '162.243.239.23', 'Mozilla/5.0 (Windows NT 10.0; Win64; x64) AppleWebKit/537.36 (KHTML, like Gecko) Chrome/79.0 Safari/537.36', 'YTozOntzOjY6Il90b2tlbiI7czo0MDoiTTliOVgyREZUU2xsWXFtSXJ4bW9ZYWVodFlMTlBJc0tCRzU0cWhtWCI7czo5OiJfcHJldmlvdXMiO2E6Mjp7czozOiJ1cmwiO3M6MjQ6Imh0dHA6Ly93ZWIub3VyLWJyYW5kcy5ydSI7czo1OiJyb3V0ZSI7Tjt9czo2OiJfZmxhc2giO2E6Mjp7czozOiJvbGQiO2E6MDp7fXM6MzoibmV3IjthOjA6e319fQ==', 1780452533),
('fHnmClcwLjCitlQvSJXHhWBEGg2RblPfsBBq0JSV', NULL, '45.92.85.85', 'Mozilla/5.0 (Windows NT 10.0; Win64; x64) AppleWebKit/537.36 (KHTML, like Gecko) Chrome/94.0.4606.61 Safari/537.36', 'YTozOntzOjY6Il90b2tlbiI7czo0MDoiSEpjOGdYMk5ab0ZIYlhja2pWa0pNR002bklndnNEd0xVSEMwWG16QSI7czo5OiJfcHJldmlvdXMiO2E6Mjp7czozOiJ1cmwiO3M6MjQ6Imh0dHA6Ly93ZWIub3VyLWJyYW5kcy5ydSI7czo1OiJyb3V0ZSI7Tjt9czo2OiJfZmxhc2giO2E6Mjp7czozOiJvbGQiO2E6MDp7fXM6MzoibmV3IjthOjA6e319fQ==', 1780419924),
('fosgKUEbKEisUrweZh6f9Ph92IBmu3nSODvfN7Rz', NULL, '146.70.194.236', 'Mozilla/5.0 (Windows NT 10.0; Win64; x64) AppleWebKit/537.36 (KHTML, like Gecko) Chrome/78.0.3904.108 Safari/537.36', 'YTozOntzOjY6Il90b2tlbiI7czo0MDoiaGJtZFpXblU2NUtSenluUEN4aHNuWkFCVGk2TGl4TTZxZUY2ZldCciI7czo5OiJfcHJldmlvdXMiO2E6Mjp7czozOiJ1cmwiO3M6MjY6Imh0dHA6Ly9hZG1pbi5vdXItYnJhbmRzLnJ1IjtzOjU6InJvdXRlIjtOO31zOjY6Il9mbGFzaCI7YToyOntzOjM6Im9sZCI7YTowOnt9czozOiJuZXciO2E6MDp7fX19', 1780416265),
('GIS0aKlSNTWzkrdVWgUY4bEaP1CSipJHzusABgh8', NULL, '62.60.130.227', 'Mozilla/5.0 (Windows NT 10.0; Win64; x64) AppleWebKit/537.36 (KHTML, like Gecko) Chrome/95.0.4638.69 Safari/537.36', 'YTozOntzOjY6Il90b2tlbiI7czo0MDoiWHEzc05Ia1Z1V0pReDZqeFdDeUhqelhqTTQ5UklEZVViUlN5R3pjayI7czo5OiJfcHJldmlvdXMiO2E6Mjp7czozOiJ1cmwiO3M6MjY6Imh0dHA6Ly9hZG1pbi5vdXItYnJhbmRzLnJ1IjtzOjU6InJvdXRlIjtOO31zOjY6Il9mbGFzaCI7YToyOntzOjM6Im9sZCI7YTowOnt9czozOiJuZXciO2E6MDp7fX19', 1780407579),
('ifVk67jcvedWBAAVV0Av2XHjsvn7FS4ULTekNWNN', NULL, '52.0.245.198', 'Mozilla/5.0 (Windows NT 10.0; Win64; x64) AppleWebKit/537.36 (KHTML, like Gecko) Chrome/81.0.4044.122 Safari/537.36', 'YTozOntzOjY6Il90b2tlbiI7czo0MDoiVzd0Rm1wcFBEanBZcTljZkZmVk1YRHN5WGRTUW5FZndNNGR4UUF3WSI7czo5OiJfcHJldmlvdXMiO2E6Mjp7czozOiJ1cmwiO3M6Mjg6Imh0dHA6Ly93d3cud2ViLm91ci1icmFuZHMucnUiO3M6NToicm91dGUiO047fXM6NjoiX2ZsYXNoIjthOjI6e3M6Mzoib2xkIjthOjA6e31zOjM6Im5ldyI7YTowOnt9fX0=', 1780431654),
('IXILBDaveAfyfBtLk51Bksv9g96XD2ChCdoteXhY', NULL, '45.92.87.245', 'Mozilla/5.0 (Windows NT 10.0; Win64; x64) AppleWebKit/537.36 (KHTML, like Gecko) Chrome/94.0.4606.61 Safari/537.36', 'YTozOntzOjY6Il90b2tlbiI7czo0MDoiYnBRWEJrbkU4ZG1uQ0N5SFNxZlhFTUZ3a2VVdEJnZUNGZUhDQTZJbSI7czo5OiJfcHJldmlvdXMiO2E6Mjp7czozOiJ1cmwiO3M6MjQ6Imh0dHA6Ly93ZWIub3VyLWJyYW5kcy5ydSI7czo1OiJyb3V0ZSI7Tjt9czo2OiJfZmxhc2giO2E6Mjp7czozOiJvbGQiO2E6MDp7fXM6MzoibmV3IjthOjA6e319fQ==', 1780434181),
('K5gmvqWsmXjNDSjwF6HYIhrl0DeeUTrj2GoFCUeq', NULL, '34.143.243.241', 'Mozilla/5.0 (iPhone; CPU iPhone OS 18_0 like Mac OS X) AppleWebKit/605.1.15 (KHTML, like Gecko) Version/18.0 Mobile/15E148 Safari/604.1', 'YTozOntzOjY6Il90b2tlbiI7czo0MDoiSmxqNmN5Z0l5UnZTUlhMT3NJSk1IUEtFZGlwYVlTQ3BhOEpna29KciI7czo5OiJfcHJldmlvdXMiO2E6Mjp7czozOiJ1cmwiO3M6MjQ6Imh0dHA6Ly93ZWIub3VyLWJyYW5kcy5ydSI7czo1OiJyb3V0ZSI7Tjt9czo2OiJfZmxhc2giO2E6Mjp7czozOiJvbGQiO2E6MDp7fXM6MzoibmV3IjthOjA6e319fQ==', 1780421045),
('ke0nKTkyqTlhvaU4ntQdT8dXuEdhTHT1MfrSZK6U', NULL, '91.184.244.208', 'Mozilla/5.0(compatible;MSIE10.0;WindowsNT6.1;Trident/6.0;SLCC2;.NETCLR2.0.50727;.NETCLR3.5.30729;.NETCLR3.0.30729;MediaCenterPC6.0;TabletPC2.0;.NET4.0C;.NET4.0E)', 'YTozOntzOjY6Il90b2tlbiI7czo0MDoiV1RsVWlEZmQ1dXZFR1d6RnpHZWJkQ3VPRU9Mbkw2VldBZjNsR2Y1ZSI7czo5OiJfcHJldmlvdXMiO2E6Mjp7czozOiJ1cmwiO3M6MjQ6Imh0dHA6Ly93ZWIub3VyLWJyYW5kcy5ydSI7czo1OiJyb3V0ZSI7Tjt9czo2OiJfZmxhc2giO2E6Mjp7czozOiJvbGQiO2E6MDp7fXM6MzoibmV3IjthOjA6e319fQ==', 1780403626),
('la5iEz5jPZwF1a01sYlTQ5tMyZzbwzLiXfOOA0AW', NULL, '45.94.31.32', 'Mozilla/5.0 (Windows NT 10.0; Win64; x64) AppleWebKit/537.36 (KHTML, like Gecko) Chrome/78.0.3904.108 Safari/537.36', 'YTozOntzOjY6Il90b2tlbiI7czo0MDoiM3VnNnc0bHVtZGVwbzBsT2NHVHBRQXFUNk8ycEluNW1uNlJza0pZMiI7czo5OiJfcHJldmlvdXMiO2E6Mjp7czozOiJ1cmwiO3M6MjQ6Imh0dHA6Ly93ZWIub3VyLWJyYW5kcy5ydSI7czo1OiJyb3V0ZSI7Tjt9czo2OiJfZmxhc2giO2E6Mjp7czozOiJvbGQiO2E6MDp7fXM6MzoibmV3IjthOjA6e319fQ==', 1780409736),
('NFivN4dmo9nR61zHgIfWHkwnV72nCVroypx3fVrG', NULL, '91.184.244.208', 'Mozilla/5.0(compatible;MSIE10.0;WindowsNT6.1;Trident/6.0;SLCC2;.NETCLR2.0.50727;.NETCLR3.5.30729;.NETCLR3.0.30729;MediaCenterPC6.0;TabletPC2.0;.NET4.0C;.NET4.0E)', 'YTozOntzOjY6Il90b2tlbiI7czo0MDoiSmRKalhheDhoaTdpRGN2elZmSnN4Yzl3cDVjaGtDSFk4UVkwNlRCRyI7czo5OiJfcHJldmlvdXMiO2E6Mjp7czozOiJ1cmwiO3M6MjU6Imh0dHBzOi8vd2ViLm91ci1icmFuZHMucnUiO3M6NToicm91dGUiO047fXM6NjoiX2ZsYXNoIjthOjI6e3M6Mzoib2xkIjthOjA6e31zOjM6Im5ldyI7YTowOnt9fX0=', 1780403625),
('OpzWcdh0omYfxgUiEH9T8UkXpZR6WWueRmAWJiCZ', NULL, '217.11.180.165', 'Mozilla/5.0 (X11; Linux x86_64) AppleWebKit/537.36 (KHTML, like Gecko) Chrome/148.0.0.0 Safari/537.36', 'YTozOntzOjY6Il90b2tlbiI7czo0MDoicmxYYUdvOTZxWWtPaGVuWllPaVQxUlFONXU1SDJNdWI3VXlGcmZDVCI7czo5OiJfcHJldmlvdXMiO2E6Mjp7czozOiJ1cmwiO3M6NDE6Imh0dHBzOi8vd2ViLm91ci1icmFuZHMucnUvYWRtaW4/YXR0ZW1wdD0xIjtzOjU6InJvdXRlIjtOO31zOjY6Il9mbGFzaCI7YToyOntzOjM6Im9sZCI7YTowOnt9czozOiJuZXciO2E6MDp7fX19', 1780473420),
('P8WtM4CJrErcsGD0L6gaEXTjEEnCdWSDesIEMmHQ', NULL, '34.134.53.91', 'Mozilla/5.0 (compatible; CMS-Checker/1.0; +https://example.com)', 'YTozOntzOjY6Il90b2tlbiI7czo0MDoicVJwZ29JSnBRM0ZUandSV056OGxuQk43VHVDNENMVzZKN2VQNFBKUiI7czo5OiJfcHJldmlvdXMiO2E6Mjp7czozOiJ1cmwiO3M6Mjg6Imh0dHA6Ly93d3cud2ViLm91ci1icmFuZHMucnUiO3M6NToicm91dGUiO047fXM6NjoiX2ZsYXNoIjthOjI6e3M6Mzoib2xkIjthOjA6e31zOjM6Im5ldyI7YTowOnt9fX0=', 1780419613),
('rHxdpZXQfabguj0wVrWqzFCg4CiPskxbdITnLMpo', NULL, '45.94.31.32', 'Mozilla/5.0 (Windows NT 10.0; Win64; x64) AppleWebKit/537.36 (KHTML, like Gecko) Chrome/78.0.3904.108 Safari/537.36', 'YTozOntzOjY6Il90b2tlbiI7czo0MDoidEIzVklyOURhUTJRZE1sWGdyM0pwRDZHVThEMHRjRTNYMFBFMGQ3aiI7czo5OiJfcHJldmlvdXMiO2E6Mjp7czozOiJ1cmwiO3M6MjQ6Imh0dHA6Ly93ZWIub3VyLWJyYW5kcy5ydSI7czo1OiJyb3V0ZSI7Tjt9czo2OiJfZmxhc2giO2E6Mjp7czozOiJvbGQiO2E6MDp7fXM6MzoibmV3IjthOjA6e319fQ==', 1780454639),
('sEtkUzsotNIoiFatRYguSP0BUHT2757BC7MEn52X', NULL, '36.83.125.217', 'Mozilla/5.0 (Windows NT 10.0; Win64; x64) AppleWebKit/537.36 (KHTML, like Gecko) Chrome/58.0.3029.110 Safari/537.3', 'YTozOntzOjY6Il90b2tlbiI7czo0MDoicEd5VEFFYVduMDZWZjJaOWxiQ0tZODZlZU5YajJuQkNid0ZmbTNZdCI7czo5OiJfcHJldmlvdXMiO2E6Mjp7czozOiJ1cmwiO3M6NDE6Imh0dHA6Ly93ZWIub3VyLWJyYW5kcy5ydS9wdWJsaWMvaW5kZXgucGhwIjtzOjU6InJvdXRlIjtOO31zOjY6Il9mbGFzaCI7YToyOntzOjM6Im9sZCI7YTowOnt9czozOiJuZXciO2E6MDp7fX19', 1780474072),
('sST31yjFCm2T14knm0R8o8ObYjUGtFhzfRFU2jKs', NULL, '165.227.216.24', 'Mozilla/5.0 (Windows NT 10.0; Win64; x64) AppleWebKit/537.36 (KHTML, like Gecko) Chrome/79.0 Safari/537.36', 'YTozOntzOjY6Il90b2tlbiI7czo0MDoiRmxyTFNLcUtKaUtrY3RWYlY5bllKeGZWbTlQRFhzUkRvMHJ2UVA2cyI7czo5OiJfcHJldmlvdXMiO2E6Mjp7czozOiJ1cmwiO3M6MjQ6Imh0dHA6Ly93ZWIub3VyLWJyYW5kcy5ydSI7czo1OiJyb3V0ZSI7Tjt9czo2OiJfZmxhc2giO2E6Mjp7czozOiJvbGQiO2E6MDp7fXM6MzoibmV3IjthOjA6e319fQ==', 1780399492),
('SwoTIrTAVnKb5yaprix4QEYRTMSrrLqXrBTQYTEv', NULL, '52.230.100.152', 'Mozilla/5.0 (Windows NT 10.0; Win64; x64) AppleWebKit/537.36 (KHTML, like Gecko) Chrome/124.0.0.0 Safari/537.36', 'YTozOntzOjY6Il90b2tlbiI7czo0MDoiek53Rkw3YXZMSmpxRUxvNDZPTHB0TmFhNVpVMjFBMVpoWWRDZ0owNSI7czo5OiJfcHJldmlvdXMiO2E6Mjp7czozOiJ1cmwiO3M6Mjg6Imh0dHA6Ly93d3cud2ViLm91ci1icmFuZHMucnUiO3M6NToicm91dGUiO047fXM6NjoiX2ZsYXNoIjthOjI6e3M6Mzoib2xkIjthOjA6e31zOjM6Im5ldyI7YTowOnt9fX0=', 1780424410),
('v6BN9NccUtlf6l5GKLzeYXkzUJfFKVbKaq9QTFGz', NULL, '62.113.113.43', 'Mozilla/5.0(WindowsNT6.1;WOW64)AppleWebKit/537.36(KHTML,likeGecko)Chrome/31.0.1650.63Safari/537.36SE2.XMetaSr1.0', 'YTozOntzOjY6Il90b2tlbiI7czo0MDoiNnVHcW1nYm5Zb1hvZm55cUdvS1JvUUd2OUk1d0FjT2JUbnpHbURKTiI7czo5OiJfcHJldmlvdXMiO2E6Mjp7czozOiJ1cmwiO3M6MjQ6Imh0dHA6Ly93ZWIub3VyLWJyYW5kcy5ydSI7czo1OiJyb3V0ZSI7Tjt9czo2OiJfZmxhc2giO2E6Mjp7czozOiJvbGQiO2E6MDp7fXM6MzoibmV3IjthOjA6e319fQ==', 1780446999),
('vjPtGLOXBqP1L3myRFOpV8MIVy2Suu5bO1jniA6H', NULL, '54.86.115.253', 'RecordedFuture Global Inventory Crawler', 'YTozOntzOjY6Il90b2tlbiI7czo0MDoiWEFiV0tuTGhkd3V0d2tTWTJvZWlPcGt0TWNaOFNUMUVjNXp2Q2paTCI7czo5OiJfcHJldmlvdXMiO2E6Mjp7czozOiJ1cmwiO3M6MjU6Imh0dHBzOi8vd2ViLm91ci1icmFuZHMucnUiO3M6NToicm91dGUiO047fXM6NjoiX2ZsYXNoIjthOjI6e3M6Mzoib2xkIjthOjA6e31zOjM6Im5ldyI7YTowOnt9fX0=', 1780458983),
('XJPI3lkYGCz2XFUqmHp7PCNKRqe9NwIUPN4lzbGG', NULL, '104.207.33.160', 'Mozilla/5.0 (compatible; bulk-validator/1.0)', 'YToyOntzOjY6Il90b2tlbiI7czo0MDoiQ3o4ZDNxdHlwdzBLWTlESENzZkNtSjQ5dUc3dDBCeEtzdkJpSnBCRCI7czo2OiJfZmxhc2giO2E6Mjp7czozOiJvbGQiO2E6MDp7fXM6MzoibmV3IjthOjA6e319fQ==', 1780446587),
('YghrPTeWPtlOTXNC9LJPkhdXviYUjsqSRmNxZSrE', NULL, '52.230.100.152', 'Mozilla/5.0 (Windows NT 10.0; Win64; x64) AppleWebKit/537.36 (KHTML, like Gecko) Chrome/124.0.0.0 Safari/537.36', 'YTozOntzOjY6Il90b2tlbiI7czo0MDoiNzQzeVRjaFROb0lzS1NsS0J2QlMxMElJMk1GT3RVQXN2S29YUHJYZSI7czo5OiJfcHJldmlvdXMiO2E6Mjp7czozOiJ1cmwiO3M6MjQ6Imh0dHA6Ly93ZWIub3VyLWJyYW5kcy5ydSI7czo1OiJyb3V0ZSI7Tjt9czo2OiJfZmxhc2giO2E6Mjp7czozOiJvbGQiO2E6MDp7fXM6MzoibmV3IjthOjA6e319fQ==', 1780424411),
('Z7iC9EPJofrOftFvHfGcggQjNl57p1fRy3nfoWo8', NULL, '165.245.225.23', 'Mozilla/5.0 (X11; Linux x86_64; rv:142.0) Gecko/20100101 Firefox/142.0', 'YTozOntzOjY6Il90b2tlbiI7czo0MDoiYzViemlPeTNOR05abVhrWTdlRWR0ZVRwRTJ3MzJkR2FxMmI5U1c4eCI7czo5OiJfcHJldmlvdXMiO2E6Mjp7czozOiJ1cmwiO3M6Mjk6Imh0dHBzOi8vd3d3LndlYi5vdXItYnJhbmRzLnJ1IjtzOjU6InJvdXRlIjtOO31zOjY6Il9mbGFzaCI7YToyOntzOjM6Im9sZCI7YTowOnt9czozOiJuZXciO2E6MDp7fX19', 1780430621),
('ZmkW3bGMCfyxE7Ey1723oerKlS8xjRfqLoghNlem', NULL, '109.107.186.106', 'Mozilla/5.0 (Windows NT 6.3; rv:50.0) Gecko/20100101 Firefox/50.0', 'YTozOntzOjY6Il90b2tlbiI7czo0MDoiTFdMa1p6SFA3dHI4TzE4VlFvV1VKSElWNFYxeFlzcTh6Y0pLUkJ1ViI7czo5OiJfcHJldmlvdXMiO2E6Mjp7czozOiJ1cmwiO3M6MjQ6Imh0dHA6Ly93ZWIub3VyLWJyYW5kcy5ydSI7czo1OiJyb3V0ZSI7Tjt9czo2OiJfZmxhc2giO2E6Mjp7czozOiJvbGQiO2E6MDp7fXM6MzoibmV3IjthOjA6e319fQ==', 1780404324),
('ZPIKyQnsq1hlPichJQXp0EgszPnxOjM9RWu096N7', NULL, '62.113.113.43', 'Mozilla/5.0(WindowsNT6.1;WOW64)AppleWebKit/537.36(KHTML,likeGecko)Chrome/31.0.1650.63Safari/537.36SE2.XMetaSr1.0', 'YTozOntzOjY6Il90b2tlbiI7czo0MDoiTkR6dFIybEp5RGlDQ2UxRk9pMzg5M21WckRCckF1Zm5aWXZyN2FCMyI7czo5OiJfcHJldmlvdXMiO2E6Mjp7czozOiJ1cmwiO3M6MjU6Imh0dHBzOi8vd2ViLm91ci1icmFuZHMucnUiO3M6NToicm91dGUiO047fXM6NjoiX2ZsYXNoIjthOjI6e3M6Mzoib2xkIjthOjA6e31zOjM6Im5ldyI7YTowOnt9fX0=', 1780446999),
('zyvDO3tCncLt6hQZ8aE2xWd4NqvKQDOnx69b94hD', NULL, '104.168.28.15', 'Mozilla/5.0 (Macintosh; Intel Mac OS X 10_15_7) AppleWebKit/605.1.15 (KHTML, like Gecko) Version/17 Safari/605.1.15', 'YTozOntzOjY6Il90b2tlbiI7czo0MDoiT3NrNEJ4b3ZqNjBHTnZQT1QwV2xXUkVKMW5HcDNPaG5xUU1VMUhZVCI7czo5OiJfcHJldmlvdXMiO2E6Mjp7czozOiJ1cmwiO3M6MzE6Imh0dHBzOi8vd3d3LmFkbWluLm91ci1icmFuZHMucnUiO3M6NToicm91dGUiO047fXM6NjoiX2ZsYXNoIjthOjI6e3M6Mzoib2xkIjthOjA6e31zOjM6Im5ldyI7YTowOnt9fX0=', 1780466818);

-- --------------------------------------------------------

--
-- Table structure for table `users`
--

CREATE TABLE `users` (
  `id` bigint(20) UNSIGNED NOT NULL,
  `telegram_id` bigint(20) DEFAULT NULL,
  `username` varchar(255) COLLATE utf8mb4_unicode_ci DEFAULT NULL,
  `full_name` varchar(255) COLLATE utf8mb4_unicode_ci DEFAULT NULL,
  `email` varchar(255) COLLATE utf8mb4_unicode_ci DEFAULT NULL,
  `role` enum('CLIENT','DRIVER','ADMIN') COLLATE utf8mb4_unicode_ci NOT NULL DEFAULT 'CLIENT',
  `phone_number` varchar(32) COLLATE utf8mb4_unicode_ci DEFAULT NULL,
  `is_active` tinyint(1) NOT NULL DEFAULT '1',
  `password` varchar(255) COLLATE utf8mb4_unicode_ci DEFAULT NULL,
  `remember_token` varchar(100) COLLATE utf8mb4_unicode_ci DEFAULT NULL,
  `created_at` timestamp NULL DEFAULT NULL,
  `updated_at` timestamp NULL DEFAULT NULL
) ENGINE=InnoDB DEFAULT CHARSET=utf8mb4 COLLATE=utf8mb4_unicode_ci;

--
-- Dumping data for table `users`
--

INSERT INTO `users` (`id`, `telegram_id`, `username`, `full_name`, `email`, `role`, `phone_number`, `is_active`, `password`, `remember_token`, `created_at`, `updated_at`) VALUES
(17, 8498223368, '', 'Кайс.', NULL, 'DRIVER', '+992 20 800 8810', 1, NULL, NULL, '2026-02-09 14:00:41', '2026-02-20 05:02:55'),
(18, 1178010702, '@ismoilzod_m', 'Ismoilzod Mustafo', NULL, 'CLIENT', '+992553555533', 1, NULL, NULL, '2026-02-09 14:00:55', '2026-04-28 15:24:48'),
(19, 694649178, '', 'Рахмат Максадов', NULL, 'CLIENT', NULL, 1, NULL, NULL, '2026-02-12 08:50:37', '2026-02-12 08:52:59'),
(20, NULL, 'client_698d7904c532d', 'фывфывфыв', NULL, 'CLIENT', NULL, 1, NULL, NULL, '2026-02-12 08:53:56', '2026-02-12 08:53:56'),
(21, NULL, 'client_698d834897d3f', 'Molestiae eligendi r', NULL, 'CLIENT', NULL, 1, NULL, NULL, '2026-02-12 09:37:44', '2026-02-12 09:37:44'),
(22, NULL, 'client_698d835db6a77', 'Molestiae eligendi r', NULL, 'CLIENT', NULL, 1, NULL, NULL, '2026-02-12 09:38:05', '2026-02-12 09:38:05'),
(23, NULL, 'client_698d8399120ab', 'фывфывфыв', NULL, 'CLIENT', NULL, 1, NULL, NULL, '2026-02-12 09:39:05', '2026-02-12 09:39:05'),
(24, 77777, 'fallback_user', 'Fallback User', NULL, 'CLIENT', NULL, 1, NULL, NULL, '2026-02-16 06:07:41', '2026-02-16 06:07:41'),
(25, 831224323, 'Dion_x', 'Dilovar Mashrabov', NULL, 'CLIENT', NULL, 1, NULL, NULL, '2026-02-16 08:01:29', '2026-03-16 08:41:04'),
(26, 645218302, '', 'Maradona', NULL, 'CLIENT', NULL, 1, NULL, NULL, '2026-02-17 05:59:11', '2026-02-17 06:00:02'),
(27, 269051949, 'farrukhph', 'Farrukh Mukhtarov', NULL, 'CLIENT', NULL, 1, NULL, NULL, '2026-02-17 07:00:44', '2026-02-17 07:00:44'),
(28, 732588834, NULL, 'Jamshed Mirzo', NULL, 'CLIENT', NULL, 1, NULL, NULL, '2026-02-17 07:16:13', '2026-02-17 07:16:13'),
(29, 5854790746, 'barzuofficiall', 'Barzu Boboev', NULL, 'CLIENT', NULL, 1, NULL, NULL, '2026-02-17 07:51:48', '2026-02-17 07:51:48'),
(30, 7818790831, NULL, 'Idibek Davlyatov', NULL, 'CLIENT', NULL, 1, NULL, NULL, '2026-02-17 07:52:32', '2026-02-17 07:52:32'),
(31, 5159330194, NULL, 'Dаvlatyor Nurov', NULL, 'ADMIN', NULL, 1, NULL, NULL, '2026-02-17 07:54:46', '2026-04-28 15:24:33'),
(32, 933849671, 'ZarrinSR', 'Zarrina Satieva', NULL, 'CLIENT', NULL, 1, NULL, NULL, '2026-02-17 07:55:27', '2026-02-17 07:55:27'),
(33, 662118949, NULL, 'Наргис Хамидова', NULL, 'CLIENT', NULL, 1, NULL, NULL, '2026-02-17 08:00:03', '2026-02-17 08:00:03'),
(35, NULL, 'client_69940837859ba', 'USER', NULL, 'CLIENT', NULL, 1, NULL, NULL, '2026-02-17 08:18:31', '2026-02-17 08:18:31'),
(36, 2080080633, 'LQMONI_HAKIM', 'Saidzoda S', NULL, 'CLIENT', NULL, 1, NULL, NULL, '2026-02-17 09:26:57', '2026-02-17 09:26:57'),
(37, 6931250238, 'mariyam_98', 'Мариям', NULL, 'CLIENT', NULL, 1, NULL, NULL, '2026-02-17 12:44:36', '2026-03-13 09:05:04'),
(38, 895190672, NULL, 'Михаил ', NULL, 'CLIENT', NULL, 1, NULL, NULL, '2026-02-18 07:52:29', '2026-02-18 07:52:29'),
(39, 1178353284, 'mahmudovfo', 'Фируз Махмудов', NULL, 'CLIENT', NULL, 1, NULL, NULL, '2026-02-19 07:33:14', '2026-02-19 07:33:14'),
(40, 1684239971, 'zarinaabdullaeva00', 'Zarina Abdullaeva', NULL, 'CLIENT', NULL, 1, NULL, NULL, '2026-02-19 10:10:23', '2026-02-19 10:10:23'),
(43, 1367628686, 'im_kyuzo', 'I M', NULL, 'CLIENT', NULL, 1, NULL, NULL, '2026-03-03 06:32:36', '2026-03-03 06:32:36'),
(44, 1439206524, 'tn_sr', 'T N', NULL, 'CLIENT', NULL, 1, NULL, NULL, '2026-03-06 10:14:41', '2026-03-06 10:14:41'),
(46, 631886740, 'Niiiiisan', 'Ismat .', NULL, 'CLIENT', NULL, 1, NULL, NULL, '2026-03-16 08:39:25', '2026-03-16 08:39:25'),
(56, NULL, 'client_69b8f7e009253', 'Тест', NULL, 'CLIENT', NULL, 1, NULL, NULL, '2026-03-17 08:42:40', '2026-03-17 08:42:40'),
(57, NULL, 'client_69b8f824c6fea', 'Тест', NULL, 'CLIENT', NULL, 1, NULL, NULL, '2026-03-17 08:43:48', '2026-03-17 08:43:48'),
(58, NULL, 'client_69b8f82b0eaf6', 'Тест', NULL, 'CLIENT', NULL, 1, NULL, NULL, '2026-03-17 08:43:55', '2026-03-17 08:43:55'),
(59, NULL, 'client_69b8f82fde2a4', 'Тест', NULL, 'CLIENT', NULL, 1, NULL, NULL, '2026-03-17 08:43:59', '2026-03-17 08:43:59'),
(60, NULL, 'client_69d47bc034bd3', 'Исмоилзод Мустафо', NULL, 'CLIENT', NULL, 1, NULL, NULL, '2026-04-07 05:36:32', '2026-04-07 05:36:32'),
(61, 272299033, 'Karo_Iskandar', 'KaroIskandar Rahmatov', NULL, 'CLIENT', NULL, 1, NULL, NULL, '2026-04-09 07:03:57', '2026-04-09 07:03:57'),
(62, 554850133, '', 'А Кодиров', NULL, 'CLIENT', NULL, 1, NULL, NULL, '2026-04-21 09:56:35', '2026-04-21 10:53:09'),
(63, 426954123, NULL, 'Janna Lingert', NULL, 'CLIENT', NULL, 1, NULL, NULL, '2026-04-22 09:43:52', '2026-04-22 09:43:52'),
(64, NULL, 'client_69f2c88b46a3e', 'НД', NULL, 'CLIENT', NULL, 1, NULL, NULL, '2026-04-30 05:12:11', '2026-04-30 05:12:11'),
(65, 446446116, 'veallurun', 'Jafar ', NULL, 'CLIENT', NULL, 1, NULL, NULL, '2026-05-20 06:33:44', '2026-05-20 06:33:44'),
(66, 5566027859, 'dinorahkam', 'D К', NULL, 'CLIENT', NULL, 1, NULL, NULL, '2026-05-28 15:16:06', '2026-05-28 15:16:06'),
(67, 5707273908, NULL, 'Бобочон Халимов', NULL, 'CLIENT', NULL, 1, NULL, NULL, '2026-05-29 06:31:10', '2026-05-29 06:31:10');

--
-- Indexes for dumped tables
--

--
-- Indexes for table `bookings`
--
ALTER TABLE `bookings`
  ADD PRIMARY KEY (`id`),
  ADD KEY `bookings_user_id_foreign` (`user_id`),
  ADD KEY `bookings_request_type_id_foreign` (`request_type_id`),
  ADD KEY `ix_bookings_car_time` (`car_id`,`start_time`,`end_time`),
  ADD KEY `ix_bookings_driver_status` (`driver_id`,`status`),
  ADD KEY `bookings_department_id_foreign` (`department_id`),
  ADD KEY `bookings_position_id_foreign` (`position_id`);

--
-- Indexes for table `booking_status_history`
--
ALTER TABLE `booking_status_history`
  ADD PRIMARY KEY (`id`),
  ADD KEY `booking_status_history_booking_id_foreign` (`booking_id`),
  ADD KEY `booking_status_history_changed_by_user_id_foreign` (`changed_by_user_id`);

--
-- Indexes for table `cache`
--
ALTER TABLE `cache`
  ADD PRIMARY KEY (`key`);

--
-- Indexes for table `cache_locks`
--
ALTER TABLE `cache_locks`
  ADD PRIMARY KEY (`key`);

--
-- Indexes for table `cars`
--
ALTER TABLE `cars`
  ADD PRIMARY KEY (`id`),
  ADD UNIQUE KEY `cars_license_plate_unique` (`license_plate`),
  ADD KEY `cars_default_driver_id_foreign` (`default_driver_id`);

--
-- Indexes for table `departments`
--
ALTER TABLE `departments`
  ADD PRIMARY KEY (`id`);

--
-- Indexes for table `failed_jobs`
--
ALTER TABLE `failed_jobs`
  ADD PRIMARY KEY (`id`),
  ADD UNIQUE KEY `failed_jobs_uuid_unique` (`uuid`);

--
-- Indexes for table `force_blocks`
--
ALTER TABLE `force_blocks`
  ADD PRIMARY KEY (`id`),
  ADD KEY `force_blocks_created_by_foreign` (`created_by`),
  ADD KEY `ix_force_blocks_car_time` (`car_id`,`start_time`,`end_time`);

--
-- Indexes for table `jobs`
--
ALTER TABLE `jobs`
  ADD PRIMARY KEY (`id`),
  ADD KEY `jobs_queue_index` (`queue`);

--
-- Indexes for table `job_batches`
--
ALTER TABLE `job_batches`
  ADD PRIMARY KEY (`id`);

--
-- Indexes for table `migrations`
--
ALTER TABLE `migrations`
  ADD PRIMARY KEY (`id`);

--
-- Indexes for table `password_reset_tokens`
--
ALTER TABLE `password_reset_tokens`
  ADD PRIMARY KEY (`email`);

--
-- Indexes for table `positions`
--
ALTER TABLE `positions`
  ADD PRIMARY KEY (`id`);

--
-- Indexes for table `recurring_blocks`
--
ALTER TABLE `recurring_blocks`
  ADD PRIMARY KEY (`id`),
  ADD KEY `recurring_blocks_created_by_foreign` (`created_by`),
  ADD KEY `recurring_blocks_car_id_index` (`car_id`);

--
-- Indexes for table `request_types`
--
ALTER TABLE `request_types`
  ADD PRIMARY KEY (`id`),
  ADD KEY `request_types_car_id_foreign` (`car_id`);

--
-- Indexes for table `sessions`
--
ALTER TABLE `sessions`
  ADD PRIMARY KEY (`id`),
  ADD KEY `sessions_user_id_index` (`user_id`),
  ADD KEY `sessions_last_activity_index` (`last_activity`);

--
-- Indexes for table `users`
--
ALTER TABLE `users`
  ADD PRIMARY KEY (`id`),
  ADD UNIQUE KEY `users_telegram_id_unique` (`telegram_id`),
  ADD UNIQUE KEY `users_email_unique` (`email`);

--
-- AUTO_INCREMENT for dumped tables
--

--
-- AUTO_INCREMENT for table `bookings`
--
ALTER TABLE `bookings`
  MODIFY `id` bigint(20) UNSIGNED NOT NULL AUTO_INCREMENT, AUTO_INCREMENT=205;

--
-- AUTO_INCREMENT for table `booking_status_history`
--
ALTER TABLE `booking_status_history`
  MODIFY `id` bigint(20) UNSIGNED NOT NULL AUTO_INCREMENT, AUTO_INCREMENT=224;

--
-- AUTO_INCREMENT for table `cars`
--
ALTER TABLE `cars`
  MODIFY `id` bigint(20) UNSIGNED NOT NULL AUTO_INCREMENT, AUTO_INCREMENT=7;

--
-- AUTO_INCREMENT for table `departments`
--
ALTER TABLE `departments`
  MODIFY `id` bigint(20) UNSIGNED NOT NULL AUTO_INCREMENT, AUTO_INCREMENT=12;

--
-- AUTO_INCREMENT for table `failed_jobs`
--
ALTER TABLE `failed_jobs`
  MODIFY `id` bigint(20) UNSIGNED NOT NULL AUTO_INCREMENT;

--
-- AUTO_INCREMENT for table `force_blocks`
--
ALTER TABLE `force_blocks`
  MODIFY `id` bigint(20) UNSIGNED NOT NULL AUTO_INCREMENT, AUTO_INCREMENT=13;

--
-- AUTO_INCREMENT for table `jobs`
--
ALTER TABLE `jobs`
  MODIFY `id` bigint(20) UNSIGNED NOT NULL AUTO_INCREMENT;

--
-- AUTO_INCREMENT for table `migrations`
--
ALTER TABLE `migrations`
  MODIFY `id` int(10) UNSIGNED NOT NULL AUTO_INCREMENT, AUTO_INCREMENT=14;

--
-- AUTO_INCREMENT for table `positions`
--
ALTER TABLE `positions`
  MODIFY `id` bigint(20) UNSIGNED NOT NULL AUTO_INCREMENT, AUTO_INCREMENT=13;

--
-- AUTO_INCREMENT for table `recurring_blocks`
--
ALTER TABLE `recurring_blocks`
  MODIFY `id` bigint(20) UNSIGNED NOT NULL AUTO_INCREMENT, AUTO_INCREMENT=15;

--
-- AUTO_INCREMENT for table `request_types`
--
ALTER TABLE `request_types`
  MODIFY `id` bigint(20) UNSIGNED NOT NULL AUTO_INCREMENT, AUTO_INCREMENT=7;

--
-- AUTO_INCREMENT for table `users`
--
ALTER TABLE `users`
  MODIFY `id` bigint(20) UNSIGNED NOT NULL AUTO_INCREMENT, AUTO_INCREMENT=68;

--
-- Constraints for dumped tables
--

--
-- Constraints for table `bookings`
--
ALTER TABLE `bookings`
  ADD CONSTRAINT `bookings_car_id_foreign` FOREIGN KEY (`car_id`) REFERENCES `cars` (`id`),
  ADD CONSTRAINT `bookings_department_id_foreign` FOREIGN KEY (`department_id`) REFERENCES `departments` (`id`) ON DELETE SET NULL,
  ADD CONSTRAINT `bookings_driver_id_foreign` FOREIGN KEY (`driver_id`) REFERENCES `users` (`id`) ON DELETE SET NULL,
  ADD CONSTRAINT `bookings_position_id_foreign` FOREIGN KEY (`position_id`) REFERENCES `positions` (`id`) ON DELETE SET NULL,
  ADD CONSTRAINT `bookings_request_type_id_foreign` FOREIGN KEY (`request_type_id`) REFERENCES `request_types` (`id`),
  ADD CONSTRAINT `bookings_user_id_foreign` FOREIGN KEY (`user_id`) REFERENCES `users` (`id`);

--
-- Constraints for table `booking_status_history`
--
ALTER TABLE `booking_status_history`
  ADD CONSTRAINT `booking_status_history_booking_id_foreign` FOREIGN KEY (`booking_id`) REFERENCES `bookings` (`id`) ON DELETE CASCADE,
  ADD CONSTRAINT `booking_status_history_changed_by_user_id_foreign` FOREIGN KEY (`changed_by_user_id`) REFERENCES `users` (`id`) ON DELETE SET NULL;

--
-- Constraints for table `cars`
--
ALTER TABLE `cars`
  ADD CONSTRAINT `cars_default_driver_id_foreign` FOREIGN KEY (`default_driver_id`) REFERENCES `users` (`id`) ON DELETE SET NULL;

--
-- Constraints for table `force_blocks`
--
ALTER TABLE `force_blocks`
  ADD CONSTRAINT `force_blocks_car_id_foreign` FOREIGN KEY (`car_id`) REFERENCES `cars` (`id`) ON DELETE CASCADE,
  ADD CONSTRAINT `force_blocks_created_by_foreign` FOREIGN KEY (`created_by`) REFERENCES `users` (`id`);

--
-- Constraints for table `recurring_blocks`
--
ALTER TABLE `recurring_blocks`
  ADD CONSTRAINT `recurring_blocks_car_id_foreign` FOREIGN KEY (`car_id`) REFERENCES `cars` (`id`) ON DELETE CASCADE,
  ADD CONSTRAINT `recurring_blocks_created_by_foreign` FOREIGN KEY (`created_by`) REFERENCES `users` (`id`);

--
-- Constraints for table `request_types`
--
ALTER TABLE `request_types`
  ADD CONSTRAINT `request_types_car_id_foreign` FOREIGN KEY (`car_id`) REFERENCES `cars` (`id`) ON DELETE CASCADE;
COMMIT;

/*!40101 SET CHARACTER_SET_CLIENT=@OLD_CHARACTER_SET_CLIENT */;
/*!40101 SET CHARACTER_SET_RESULTS=@OLD_CHARACTER_SET_RESULTS */;
/*!40101 SET COLLATION_CONNECTION=@OLD_COLLATION_CONNECTION */;
